POSTE,HEURE,VITESSE,DEBIT (VEH/6min)
2,00:00,67.99,6
2,00:06,67.61,7.17
2,00:12,70.53,5.33
2,00:18,68.08,5.83
2,00:24,68.26,5
2,00:30,68.43,6.5
2,00:36,74.76,6.33
2,00:42,67.75,4.33
2,00:48,63.29,5.33
2,00:54,66.14,5.33
2,01:00,71.39,5.33
2,01:06,70.71,4.33
2,01:12,69.63,5.17
2,01:18,65.83,1.5
2,01:24,69.34,4.83
2,01:30,67.71,4.83
2,01:36,69.94,6.83
2,01:42,65.67,6.33
2,01:48,72.04,5.5
2,01:54,66.42,4.33
2,02:00,65.1,5.17
2,02:06,64.82,4.67
2,02:12,65,5.83
2,02:18,67.53,5.67
2,02:24,68.24,6.33
2,02:30,66.18,5.5
2,02:36,68.97,6.17
2,02:42,68.96,8.67
2,02:48,71.25,4.83
2,02:54,70.28,3.5
2,03:00,69.4,5
2,03:06,73.93,5.17
2,03:12,67.29,4.67
2,03:18,70.49,9.5
2,03:24,70.33,7.33
2,03:30,72.66,9.67
2,03:36,74.06,7.83
2,03:42,72.61,7.33
2,03:48,75.78,12.83
2,03:54,72.43,8.17
2,04:00,69.56,12.17
2,04:06,72.68,16.33
2,04:12,71.37,20.83
2,04:18,69.86,19.33
2,04:24,68.97,16.67
2,04:30,74.1,15.83
2,04:36,68.76,17.33
2,04:42,68.83,19.67
2,04:48,68.77,21.83
2,04:54,70.54,21.33
2,05:00,70.01,28.17
2,05:06,70.42,30.33
2,05:12,69.17,32.33
2,05:18,68.97,30
2,05:24,67.81,34.67
2,05:30,67.27,43.5
2,05:36,70.29,52.83
2,05:42,70.93,51.5
2,05:48,70.54,58.17
2,05:54,67.08,63.17
2,06:00,68.44,61.33
2,06:06,68.31,69.33
2,06:12,65.62,80.67
2,06:18,65.34,109
2,06:24,64.65,128.17
2,06:30,63.72,139.17
2,06:36,55.57,183.33
2,06:42,53.91,198.5
2,06:48,35.34,237.33
2,06:54,39.09,231.17
2,07:00,34.01,223.5
2,07:06,33.18,223.33
2,07:12,29.98,242.67
2,07:18,31.26,230.17
2,07:24,27.44,218.83
2,07:30,26.62,206.17
2,07:36,31.09,211.33
2,07:42,23.2,168
2,07:48,17.02,132.83
2,07:54,21.67,165.67
2,08:00,17.15,96.67
2,08:06,18.22,167.5
2,08:12,26.77,191.5
2,08:18,26.27,171.83
2,08:24,28.29,190.33
2,08:30,19.41,102.5
2,08:36,25.21,176.67
2,08:42,35.28,180.83
2,08:48,29.15,139.67
2,08:54,35.38,138
2,09:00,48.14,161.17
2,09:06,54.14,132.33
2,09:12,56.57,121.83
2,09:18,59.88,116.67
2,09:24,56.95,141.5
2,09:30,57.23,123.5
2,09:36,53.88,132
2,09:42,55.55,133.33
2,09:48,57.02,131
2,09:54,58.37,122.67
2,10:00,56.92,134
2,10:06,57.1,118.83
2,10:12,55.24,123.33
2,10:18,59.84,125.83
2,10:24,60.3,117.67
2,10:30,51.76,115.83
2,10:36,60.92,107
2,10:42,61.78,122.67
2,10:48,62.88,108.17
2,10:54,59.87,120.5
2,11:00,62.29,103.5
2,11:06,63.44,112.5
2,11:12,61.89,106.17
2,11:18,62.41,113.83
2,11:24,61.95,122.17
2,11:30,60.89,114.33
2,11:36,64.83,116.5
2,11:42,65.06,95.17
2,11:48,66.01,89
2,11:54,64.27,119.33
2,12:00,67.49,116
2,12:06,63.63,133.5
2,12:12,64.97,125.67
2,12:18,63.91,135
2,12:24,55.73,94
2,12:30,40.66,83.33
2,12:36,40.06,82.67
2,12:42,39.84,80.5
2,12:48,43.49,94.33
2,12:54,64.78,97.83
2,13:00,63.5,88.5
2,13:06,62.9,110
2,13:12,64.54,102.5
2,13:18,63.84,100.33
2,13:24,63.39,110.5
2,13:30,61.26,128.83
2,13:36,62.33,150.17
2,13:42,59.88,138.33
2,13:48,61.05,138.83
2,13:54,64.3,112.17
2,14:00,63.15,129.17
2,14:06,59.09,123.17
2,14:12,62.87,114.17
2,14:18,65.66,120.17
2,14:24,63.15,110.67
2,14:30,59.99,106.67
2,14:36,63.9,114.5
2,14:42,62.64,114.33
2,14:48,61.78,100.5
2,14:54,60.17,104.5
2,15:00,61.07,107.5
2,15:06,60.96,112
2,15:12,62.99,107
2,15:18,62.2,104
2,15:24,61.34,110.67
2,15:30,62.26,113.83
2,15:36,62.36,124.67
2,15:42,63.18,97.17
2,15:48,63.74,114
2,15:54,64.46,102
2,16:00,65.51,115
2,16:06,62.73,130.33
2,16:12,61.61,132.17
2,16:18,65.56,118.67
2,16:24,64.07,120
2,16:30,62.23,141.33
2,16:36,60.72,140.33
2,16:42,62.95,136.83
2,16:48,62.05,126.33
2,16:54,65.11,122.17
2,17:00,64.71,136.33
2,17:06,58.65,145.5
2,17:12,61.02,150.83
2,17:18,60.88,128.67
2,17:24,61.87,118.17
2,17:30,61.86,122.5
2,17:36,59.36,122.17
2,17:42,59.59,118.5
2,17:48,61.43,101.5
2,17:54,61.43,93.67
2,18:00,64.26,95.5
2,18:06,59.66,102.83
2,18:12,64.46,95.83
2,18:18,62.2,91
2,18:24,64.05,98
2,18:30,63.15,102.33
2,18:36,65.73,96.67
2,18:42,63.98,88.67
2,18:48,66.06,77
2,18:54,62.32,82.67
2,19:00,66.18,63.17
2,19:06,64.54,74.33
2,19:12,64.24,73.17
2,19:18,65.34,68.33
2,19:24,63.72,70.17
2,19:30,66.9,62.67
2,19:36,67.64,65.5
2,19:42,67.14,57.17
2,19:48,69.32,56.83
2,19:54,70.74,56.33
2,20:00,69.13,40.83
2,20:06,69.21,57.33
2,20:12,68.81,52.83
2,20:18,69.07,48.5
2,20:24,70.14,50.33
2,20:30,69.59,42
2,20:36,67.52,37.67
2,20:42,67.36,32.83
2,20:48,64.99,32
2,20:54,66.09,30
2,21:00,67.72,34
2,21:06,66.02,31.83
2,21:12,67.35,27.17
2,21:18,66.74,24.17
2,21:24,64.53,21
2,21:30,66.77,27.83
2,21:36,67.4,20.33
2,21:42,63.97,18.67
2,21:48,65.71,18.17
2,21:54,63.09,21.5
2,22:00,67.32,18.17
2,22:06,63.65,21
2,22:12,62.98,21
2,22:18,69.01,17.67
2,22:24,65.79,15.5
2,22:30,66.64,13.83
2,22:36,66.28,17.5
2,22:42,68.56,17.17
2,22:48,64.54,14.17
2,22:54,66.26,11.5
2,23:00,68.46,12.33
2,23:06,61.91,14
2,23:12,65.88,13.83
2,23:18,67.96,9.33
2,23:24,64.18,15.17
2,23:30,66.48,10.33
2,23:36,67.84,12.33
2,23:42,62.86,12.67
2,23:48,68.58,6.5
2,23:54,63.93,9.5
3,00:00,73.02,19.17
3,00:06,68.98,16.5
3,00:12,72.5,18.33
3,00:18,70.07,16
3,00:24,72.08,14.83
3,00:30,73.84,14.67
3,00:36,72.46,13.33
3,00:42,72.05,9.5
3,00:48,72.26,10.33
3,00:54,74.06,10
3,01:00,71.38,8.33
3,01:06,71.35,7.33
3,01:12,73.36,9.67
3,01:18,70.92,6.67
3,01:24,75.23,6.67
3,01:30,73.34,6.33
3,01:36,75.78,8.17
3,01:42,70.94,6.67
3,01:48,70.43,6.17
3,01:54,73.31,7
3,02:00,74.53,5.17
3,02:06,77.36,5.33
3,02:12,70.69,5.33
3,02:18,71.53,5.83
3,02:24,73.81,5.83
3,02:30,74.21,5.17
3,02:36,74.47,4.83
3,02:42,72.99,4.5
3,02:48,74.66,5.17
3,02:54,70.21,5.17
3,03:00,70.7,5.17
3,03:06,70.54,7.17
3,03:12,73.6,6.5
3,03:18,74.17,8.33
3,03:24,76.18,9.5
3,03:30,73.42,10.5
3,03:36,74.74,14.17
3,03:42,75.04,13.33
3,03:48,75.43,9
3,03:54,74.17,7.5
3,04:00,75.23,8.67
3,04:06,74.13,9.67
3,04:12,73.35,10
3,04:18,73.15,10.33
3,04:24,72.81,10.83
3,04:30,74.31,11
3,04:36,74.97,13
3,04:42,73.66,12.67
3,04:48,71.07,13
3,04:54,73.02,10.17
3,05:00,71.22,11.33
3,05:06,70.24,14.67
3,05:12,74.88,17.33
3,05:18,70.7,19.5
3,05:24,69.97,21
3,05:30,71.7,22.67
3,05:36,71.83,24.83
3,05:42,71.39,28.33
3,05:48,71.3,33.33
3,05:54,69.61,32.5
3,06:00,70.06,30.17
3,06:06,69.4,39.67
3,06:12,69,42.17
3,06:18,70.75,52.33
3,06:24,68.98,59
3,06:30,69.73,57.67
3,06:36,68.89,68
3,06:42,65.45,79.17
3,06:48,66.29,90.83
3,06:54,65.61,95.17
3,07:00,64.39,100.67
3,07:06,64.36,110.17
3,07:12,64.91,115.5
3,07:18,64.4,121.33
3,07:24,63.03,122
3,07:30,64.33,121
3,07:36,62.77,135.83
3,07:42,61.55,142.67
3,07:48,65.37,119.67
3,07:54,66.97,118.17
3,08:00,68.26,110.33
3,08:06,68.36,104.67
3,08:12,67.56,107.5
3,08:18,70.05,101
3,08:24,69.56,102
3,08:30,69.65,96.17
3,08:36,70.49,87.33
3,08:42,70.17,97.33
3,08:48,71.36,91.33
3,08:54,72.08,79.67
3,09:00,69.77,80.17
3,09:06,69.39,81.67
3,09:12,69.35,81.33
3,09:18,69.35,83.17
3,09:24,68.22,78.83
3,09:30,67.82,87.33
3,09:36,69.83,80.33
3,09:42,69.72,79.67
3,09:48,68.02,79.67
3,09:54,69.86,76.67
3,10:00,69.58,76.83
3,10:06,68.27,79.83
3,10:12,67.72,78.67
3,10:18,67.97,86.83
3,10:24,69.7,86.33
3,10:30,68.26,92
3,10:36,68.37,86.33
3,10:42,68.74,96.5
3,10:48,70.05,89.83
3,10:54,70.52,92
3,11:00,67.83,98
3,11:06,68.37,98.83
3,11:12,68.68,112.5
3,11:18,69.81,111
3,11:24,69.48,107.17
3,11:30,67.45,104.5
3,11:36,67.5,116.67
3,11:42,68.7,111
3,11:48,69.73,106.5
3,11:54,69.32,121
3,12:00,69.35,122.33
3,12:06,69.29,132.17
3,12:12,69.77,126.67
3,12:18,69.35,123.67
3,12:24,67.6,124.5
3,12:30,70.97,106
3,12:36,71.09,110.67
3,12:42,70.1,100.5
3,12:48,71.53,102.33
3,12:54,72.84,100
3,13:00,70.77,97.5
3,13:06,71.84,100.17
3,13:12,72.23,109.17
3,13:18,72.25,107.33
3,13:24,70.25,110.5
3,13:30,71.48,110.33
3,13:36,68.56,118.67
3,13:42,71.11,120.33
3,13:48,70.36,118.33
3,13:54,70.11,116.5
3,14:00,71.39,113.67
3,14:06,71.96,104.83
3,14:12,69.33,117.33
3,14:18,70.62,115
3,14:24,70.17,111.17
3,14:30,69.72,116.33
3,14:36,69.71,114.83
3,14:42,69.6,114.17
3,14:48,69.73,117.67
3,14:54,69.59,129.5
3,15:00,69.95,114.17
3,15:06,68.49,133.33
3,15:12,67.97,141.5
3,15:18,68.56,133.5
3,15:24,68.45,141
3,15:30,68.34,147.5
3,15:36,65.13,153
3,15:42,65.84,152.33
3,15:48,62.75,152
3,15:54,64.33,166
3,16:00,63.74,168.33
3,16:06,61.42,188
3,16:12,57.49,195
3,16:18,55.12,192.17
3,16:24,55.78,202
3,16:30,58.31,192.83
3,16:36,60.5,199.5
3,16:42,58.35,190.17
3,16:48,59.5,200.17
3,16:54,59.78,197.67
3,17:00,61.37,179.33
3,17:06,57.08,197.33
3,17:12,58.24,199.33
3,17:18,58.43,193.67
3,17:24,57.09,196
3,17:30,54.13,194.83
3,17:36,52.88,195.17
3,17:42,39.42,194.67
3,17:48,45.6,198.33
3,17:54,43.85,192.5
3,18:00,36.45,191
3,18:06,37.3,194.5
3,18:12,41.37,185.33
3,18:18,36.5,190.33
3,18:24,42.85,194.17
3,18:30,47.83,191.33
3,18:36,51.07,191
3,18:42,56.41,173
3,18:48,49.64,151.5
3,18:54,55.82,152
3,19:00,57.51,172.33
3,19:06,54.53,172.5
3,19:12,54.77,177.17
3,19:18,60.55,160.33
3,19:24,64.23,149.83
3,19:30,64.02,137.67
3,19:36,66.55,132.67
3,19:42,64.9,132
3,19:48,66.41,128.67
3,19:54,67.86,117
3,20:00,69.61,105.83
3,20:06,69.76,102
3,20:12,68.26,105
3,20:18,70.35,87.67
3,20:24,70.01,81.83
3,20:30,69.9,71.67
3,20:36,69.39,68
3,20:42,69.46,65.17
3,20:48,69.01,59.33
3,20:54,70.64,55.83
3,21:00,71.55,53.83
3,21:06,70.4,52.67
3,21:12,69.88,51
3,21:18,69.26,44.17
3,21:24,70.63,42.33
3,21:30,71.19,44.5
3,21:36,72.48,34.5
3,21:42,72.01,34.83
3,21:48,71.83,33.5
3,21:54,70.37,32.33
3,22:00,72.04,33.5
3,22:06,70.25,33.5
3,22:12,71.75,29.17
3,22:18,72.71,32.17
3,22:24,72.11,32.67
3,22:30,70.1,30.83
3,22:36,70.5,31.83
3,22:42,72.67,31.17
3,22:48,70.48,29.5
3,22:54,71.34,28.17
3,23:00,72.95,27.17
3,23:06,72.16,25.83
3,23:12,70.71,30.5
3,23:18,70.86,25.83
3,23:24,70.43,24.33
3,23:30,71.65,23.83
3,23:36,72.16,27.5
3,23:42,70.44,23.67
3,23:48,73.06,23.17
3,23:54,73.05,20
47,00:00,61.5,8
47,00:06,59.44,5.33
47,00:12,57.28,8.17
47,00:18,57.89,7
47,00:24,62.01,5.67
47,00:30,59.1,6.5
47,00:36,58.41,6
47,00:42,59.08,6.33
47,00:48,63.18,4.83
47,00:54,59.42,4.67
47,01:00,58.33,6.83
47,01:06,60.23,6.83
47,01:12,59.1,4.83
47,01:18,60.83,4.17
47,01:24,56,4.17
47,01:30,47.99,3.83
47,01:36,60.11,3.17
47,01:42,47.22,2.17
47,01:48,49.52,4.33
47,01:54,61.42,3.33
47,02:00,58.33,3.67
47,02:06,58.97,3.67
47,02:12,58.32,5.33
47,02:18,59.1,5
47,02:24,59.44,3.17
47,02:30,56.43,4.83
47,02:36,58.54,3.83
47,02:42,55.14,5.33
47,02:48,61.34,4
47,02:54,64.29,4.33
47,03:00,61.25,4.33
47,03:06,63.06,4.33
47,03:12,57.79,3.83
47,03:18,62.28,3.83
47,03:24,59.43,7
47,03:30,62.08,4.83
47,03:36,60.62,4.5
47,03:42,57.67,3.5
47,03:48,61.02,5.83
47,03:54,58.03,4.33
47,04:00,61.28,3
47,04:06,61.35,5.67
47,04:12,62.03,5.83
47,04:18,63.66,6.5
47,04:24,59.06,5.17
47,04:30,64.25,6.5
47,04:36,61.85,7.5
47,04:42,62.34,10.33
47,04:48,64.11,10.83
47,04:54,60.79,6.17
47,05:00,61.77,9
47,05:06,62.02,10.67
47,05:12,60.4,10.67
47,05:18,60.46,19.67
47,05:24,60.1,18.67
47,05:30,60.37,22.33
47,05:36,60.07,30.67
47,05:42,61.52,35.5
47,05:48,61.28,34.5
47,05:54,59.87,32.67
47,06:00,61.79,30.67
47,06:06,59.5,35.33
47,06:12,60.44,38.83
47,06:18,59.46,50.83
47,06:24,58.89,67
47,06:30,57.46,71.17
47,06:36,57.38,85.33
47,06:42,56.16,93.17
47,06:48,55.95,93.67
47,06:54,53.65,96.33
47,07:00,53.28,91.33
47,07:06,52.11,90.67
47,07:12,51.06,78.67
47,07:18,51.23,83.67
47,07:24,48.46,81
47,07:30,49.12,81
47,07:36,48.86,79.83
47,07:42,45.13,79.83
47,07:48,46.18,75.17
47,07:54,45.11,87.33
47,08:00,47.32,58
47,08:06,47.13,74.5
47,08:12,45.66,55.33
47,08:18,47.3,51.67
47,08:24,48.44,69.33
47,08:30,49.05,58.67
47,08:36,49,61.67
47,08:42,48.99,59.67
47,08:48,47.57,61.83
47,08:54,48.39,64.33
47,09:00,47.02,69.5
47,09:06,47.89,51
47,09:12,48.92,58
47,09:18,51.5,59.5
47,09:24,49.09,68.33
47,09:30,49.34,77.83
47,09:36,50.28,66.17
47,09:42,54.8,55.17
47,09:48,55.44,58.67
47,09:54,52.55,69.17
47,10:00,54.9,66.17
47,10:06,55.14,60.67
47,10:12,54.85,68.67
47,10:18,56.96,57.5
47,10:24,54.79,52.5
47,10:30,54.74,50.67
47,10:36,55.03,58.33
47,10:42,51.29,57.5
47,10:48,50.21,44.83
47,10:54,51.04,51
47,11:00,50.87,51
47,11:06,51.35,46.83
47,11:12,51.87,50.33
47,11:18,51.15,53.67
47,11:24,55.44,59.33
47,11:30,57.85,61
47,11:36,57.52,63.67
47,11:42,57.58,56
47,11:48,56.07,58.67
47,11:54,49.62,54.67
47,12:00,53.8,56.17
47,12:06,58.19,52.5
47,12:12,58.79,54.17
47,12:18,58.41,53.67
47,12:24,59.06,55.67
47,12:30,58.6,56.5
47,12:36,57.31,60.33
47,12:42,59.05,54
47,12:48,59.35,52.83
47,12:54,59.18,48.5
47,13:00,59.51,48.83
47,13:06,59.33,52
47,13:12,58.28,55.5
47,13:18,57.97,60.83
47,13:24,58.22,62.83
47,13:30,58.87,57
47,13:36,58.61,60
47,13:42,57.01,62.67
47,13:48,50.88,64
47,13:54,51.1,61.67
47,14:00,51.95,48.5
47,14:06,50.19,50.17
47,14:12,50.86,52.33
47,14:18,51.34,55.83
47,14:24,51.59,54.67
47,14:30,49.76,52.67
47,14:36,51.64,50.83
47,14:42,50.78,54.83
47,14:48,51.36,50.5
47,14:54,50.82,54.5
47,15:00,52.23,61.67
47,15:06,55.03,47.67
47,15:12,52.43,54.33
47,15:18,53.57,57.67
47,15:24,55.52,59.5
47,15:30,56.9,68
47,15:36,53.72,60.33
47,15:42,53.66,58.5
47,15:48,51.13,58
47,15:54,52.75,64.5
47,16:00,58.4,56.33
47,16:06,57.32,63.5
47,16:12,57.03,58.83
47,16:18,55.87,70
47,16:24,56.5,61.17
47,16:30,56.9,62.83
47,16:36,55.63,62
47,16:42,56.28,58.83
47,16:48,53.98,65.67
47,16:54,54.76,67.67
47,17:00,55.26,59.5
47,17:06,53.85,62.17
47,17:12,53.49,65
47,17:18,43.31,53.83
47,17:24,42.73,47.33
47,17:30,37.62,49.67
47,17:36,33.63,41.67
47,17:42,33.84,50
47,17:48,44.09,55.83
47,17:54,42.01,49.17
47,18:00,42.52,57.33
47,18:06,45.54,51.67
47,18:12,48.26,61.67
47,18:18,50.99,66
47,18:24,51.66,62.83
47,18:30,50.7,53.5
47,18:36,51.18,66
47,18:42,51.48,62.67
47,18:48,51.99,59.5
47,18:54,53.9,55.5
47,19:00,54.18,51.17
47,19:06,53.98,58.67
47,19:12,54.59,56.5
47,19:18,52.49,53.33
47,19:24,47.57,48.17
47,19:30,48.1,47.83
47,19:36,49.11,38.67
47,19:42,50.5,46.33
47,19:48,55.29,51
47,19:54,56.69,44.17
47,20:00,56.99,42
47,20:06,56.01,44.67
47,20:12,56.66,46.17
47,20:18,57.99,42.67
47,20:24,57.4,34
47,20:30,60.61,26.17
47,20:36,58.03,29.33
47,20:42,59.2,28
47,20:48,59.32,24.17
47,20:54,58.05,25
47,21:00,58.52,23
47,21:06,58.22,23.33
47,21:12,57.66,20.33
47,21:18,59.66,22.33
47,21:24,58.81,23
47,21:30,57.41,23.67
47,21:36,56.15,22
47,21:42,56.86,21
47,21:48,56.3,19.5
47,21:54,58.28,20.33
47,22:00,57.54,17
47,22:06,57.26,18.5
47,22:12,59.06,18.67
47,22:18,58.48,20.17
47,22:24,56.81,20.83
47,22:30,58.66,16.33
47,22:36,59.32,18.17
47,22:42,57.04,10.5
47,22:48,57.26,14.33
47,22:54,57.95,14
47,23:00,57.56,10.33
47,23:06,59.38,20
47,23:12,58.98,12.67
47,23:18,56.97,12
47,23:24,59.22,9.5
47,23:30,59.75,13.33
47,23:36,57.5,8.83
47,23:42,56.76,10.67
47,23:48,57.06,8.83
47,23:54,58.94,10.17
50,00:00,40.83,3.5
50,00:06,49.03,4.17
50,00:12,46.08,2.83
50,00:18,49.04,4.5
50,00:24,43.25,2.67
50,00:30,47.39,3.67
50,00:36,48.35,3.83
50,00:42,46.72,2.17
50,00:48,51.11,2.17
50,00:54,47.27,4.67
50,01:00,41.94,2.33
50,01:06,39.44,1.83
50,01:12,39.44,2.17
50,01:18,50,3
50,01:24,33.33,0.83
50,01:30,24.17,1.33
50,01:36,42.5,1.5
50,01:42,40,1.33
50,01:48,41.81,2
50,01:54,31.67,1
50,02:00,31.39,1.33
50,02:06,43.33,1.33
50,02:12,42.83,1.67
50,02:18,33.89,1.33
50,02:24,40.56,2.17
50,02:30,42.5,1.5
50,02:36,47.64,2.67
50,02:42,43.33,1.17
50,02:48,22.5,1
50,02:54,19.17,0.67
50,03:00,25,1
50,03:06,48.61,1.83
50,03:12,41.94,1.5
50,03:18,45.28,1.67
50,03:24,41.67,1.5
50,03:30,35.83,1.17
50,03:36,33.83,2
50,03:42,51.17,3
50,03:48,44.17,1.83
50,03:54,45.83,1
50,04:00,46.67,1.83
50,04:06,48.33,1.17
50,04:12,36.67,1.5
50,04:18,43.83,2.67
50,04:24,48.19,3.17
50,04:30,51.28,2.83
50,04:36,52.17,4.17
50,04:42,53.83,4.33
50,04:48,53.78,6.17
50,04:54,57.01,4.5
50,05:00,54.56,3.33
50,05:06,49.74,5.5
50,05:12,52.23,7.17
50,05:18,54.54,8.33
50,05:24,54.15,7.83
50,05:30,54.12,9
50,05:36,54.11,7.17
50,05:42,52.63,14.17
50,05:48,52.28,11.67
50,05:54,53.85,12
50,06:00,50.74,9.17
50,06:06,51.45,12.33
50,06:12,49.72,15.83
50,06:18,51.11,15.5
50,06:24,48.72,20.17
50,06:30,49.38,16.67
50,06:36,48.76,21.33
50,06:42,46.87,28.17
50,06:48,47.8,33.17
50,06:54,45.36,40.17
50,07:00,44.52,42.67
50,07:06,40.29,44.83
50,07:12,36.78,35.5
50,07:18,34.02,39.33
50,07:24,33.73,39.67
50,07:30,31.75,41.33
50,07:36,27.02,37.17
50,07:42,28.45,43
50,07:48,29.13,39.5
50,07:54,27.93,35.67
50,08:00,31.39,40.33
50,08:06,30.88,38.83
50,08:12,28.64,34
50,08:18,39.37,34.67
50,08:24,39.3,45.33
50,08:30,33.92,39.33
50,08:36,32.38,38
50,08:42,31.67,32.17
50,08:48,30.76,40.5
50,08:54,31.89,35
50,09:00,35.19,47.33
50,09:06,37.16,42
50,09:12,36.67,36.5
50,09:18,35.98,33.5
50,09:24,36.02,37.33
50,09:30,34.5,31.5
50,09:36,38.66,27.67
50,09:42,35.73,34.5
50,09:48,36.07,31
50,09:54,29.39,31.67
50,10:00,38.86,28.83
50,10:06,37.9,30
50,10:12,38.85,23
50,10:18,41.96,30
50,10:24,45.32,29.5
50,10:30,41.04,27.33
50,10:36,44.96,26.5
50,10:42,44.99,30.5
50,10:48,40.68,30.5
50,10:54,43.11,32.5
50,11:00,40.57,30
50,11:06,44.4,31.33
50,11:12,44.03,28.33
50,11:18,45.06,34
50,11:24,45.06,33
50,11:30,45.63,30.83
50,11:36,45.64,29.17
50,11:42,43.94,29.67
50,11:48,43.98,36.67
50,11:54,43.74,33.83
50,12:00,41.79,29.5
50,12:06,44.73,30.67
50,12:12,46.36,29.17
50,12:18,40.96,34.5
50,12:24,39.96,33
50,12:30,47.5,28.83
50,12:36,47.21,29.33
50,12:42,48.08,32
50,12:48,47.43,26.5
50,12:54,45.69,24.83
50,13:00,46.51,27.17
50,13:06,48.55,30.17
50,13:12,48.22,28.17
50,13:18,47.19,31.67
50,13:24,48.17,29.67
50,13:30,44.99,38.83
50,13:36,42.63,34.67
50,13:42,43.92,39.5
50,13:48,45.25,37.5
50,13:54,44.77,35.17
50,14:00,44.23,34.67
50,14:06,42.79,33.5
50,14:12,45.24,28
50,14:18,46.28,32.17
50,14:24,44.12,33.83
50,14:30,43.41,32.83
50,14:36,42.39,30.67
50,14:42,40.41,30
50,14:48,40.89,29.17
50,14:54,42.34,29.67
50,15:00,42.6,30.33
50,15:06,45.79,31.67
50,15:12,40.41,31.67
50,15:18,43.94,31.17
50,15:24,44.87,32.17
50,15:30,44.89,32.33
50,15:36,45.07,36
50,15:42,43.72,31.67
50,15:48,43.81,37.33
50,15:54,43.37,37
50,16:00,43.95,35
50,16:06,44.76,38.67
50,16:12,44.46,35.67
50,16:18,42.4,37.17
50,16:24,38.55,42
50,16:30,42.98,42.17
50,16:36,41.92,41.17
50,16:42,40.14,38.83
50,16:48,39.26,38.83
50,16:54,37.52,40
50,17:00,38.17,39.67
50,17:06,35.37,31.5
50,17:12,32.89,32.17
50,17:18,30.34,31
50,17:24,33.12,33.83
50,17:30,33.84,42.33
50,17:36,35.51,44
50,17:42,37.48,38.17
50,17:48,39.25,41.17
50,17:54,36.18,46.17
50,18:00,40.85,37
50,18:06,42.73,41
50,18:12,41.62,41.83
50,18:18,39.98,43.67
50,18:24,38.82,40.33
50,18:30,41.35,42
50,18:36,40.99,38.17
50,18:42,40.39,43.33
50,18:48,38.4,43.5
50,18:54,41.66,32
50,19:00,41.72,34.5
50,19:06,41.76,42.17
50,19:12,41,36.17
50,19:18,41.07,41
50,19:24,40.21,35.83
50,19:30,41.61,34.33
50,19:36,42.78,34.5
50,19:42,45.21,29.83
50,19:48,44.45,30.17
50,19:54,45.23,23.67
50,20:00,44.61,25.67
50,20:06,44.99,25.33
50,20:12,44.53,26.33
50,20:18,45.8,23.5
50,20:24,46.3,18.67
50,20:30,47.75,18.5
50,20:36,49.18,13.83
50,20:42,49.23,16.83
50,20:48,47.7,14.33
50,20:54,49.19,10.83
50,21:00,46.4,12.5
50,21:06,50.19,12.83
50,21:12,48.41,9.83
50,21:18,48.91,11.83
50,21:24,45.68,11.83
50,21:30,46.21,9.33
50,21:36,45.27,11.17
50,21:42,46.27,12.5
50,21:48,46.52,11.83
50,21:54,45.63,11
50,22:00,47.26,8.33
50,22:06,45.78,10.67
50,22:12,47.99,10.17
50,22:18,48.61,10.83
50,22:24,49.86,6.67
50,22:30,47.61,8.83
50,22:36,50.24,6
50,22:42,51.19,9
50,22:48,48.96,7.5
50,22:54,50.54,8.83
50,23:00,48.21,7.17
50,23:06,49.53,6.67
50,23:12,50.42,7.83
50,23:18,48.06,6.83
50,23:24,47.17,7.67
50,23:30,48.88,7
50,23:36,45.78,6.5
50,23:42,47.6,6
50,23:48,46.54,5.5
50,23:54,43.08,3
52,00:00,34.6,3.33
52,00:06,33.83,3.67
52,00:12,39.58,2.83
52,00:18,38.19,3.33
52,00:24,36.53,2.83
52,00:30,39.1,3.33
52,00:36,25.56,2.17
52,00:42,24.52,2.17
52,00:48,26.94,3
52,00:54,30.56,2.33
52,01:00,38.06,1.67
52,01:06,25,1.33
52,01:12,35.28,2.17
52,01:18,19.17,1.17
52,01:24,26.94,1.67
52,01:30,38.06,2.17
52,01:36,34.17,0.83
52,01:42,26.67,0.67
52,01:48,26.67,1.33
52,01:54,11.67,0.83
52,02:00,7.5,0.17
52,02:06,27.5,0.83
52,02:12,38.33,1.33
52,02:18,5.83,0.67
52,02:24,29.17,0.83
52,02:30,19.17,1.17
52,02:36,20.83,0.5
52,02:42,15,0.67
52,02:48,5.83,0.33
52,02:54,12.5,0.5
52,03:00,11.67,0.5
52,03:06,16.94,1.17
52,03:12,17.5,0.5
52,03:18,7.5,0.33
52,03:24,13.33,0.33
52,03:30,17.5,0.5
52,03:36,11.67,0.33
52,03:42,14.17,0.83
52,03:48,18.33,0.83
52,03:54,11.67,0.33
52,04:00,24.17,1
52,04:06,14.44,0.67
52,04:12,40,1.17
52,04:18,37.5,1.67
52,04:24,26.67,1
52,04:30,35.97,2.67
52,04:36,33.75,1.67
52,04:42,36.28,2.33
52,04:48,22.22,1
52,04:54,29.17,2
52,05:00,37.78,2.67
52,05:06,36.87,5.33
52,05:12,38.81,5
52,05:18,35.69,3.67
52,05:24,36.49,4.33
52,05:30,37.67,5
52,05:36,37.43,6.33
52,05:42,37.65,6.83
52,05:48,36.09,6.33
52,05:54,37.79,8
52,06:00,36.36,7.83
52,06:06,36.13,9.33
52,06:12,36.29,10.17
52,06:18,36.27,13.17
52,06:24,34.21,13.5
52,06:30,34.62,13.5
52,06:36,33.41,22
52,06:42,34.63,19.67
52,06:48,33.02,20.17
52,06:54,31.72,22.83
52,07:00,33.12,27.17
52,07:06,32.46,24.5
52,07:12,34.19,19
52,07:18,33.07,17.17
52,07:24,33.71,17.17
52,07:30,33.07,16
52,07:36,33.46,18
52,07:42,31.84,18.67
52,07:48,30.39,18.67
52,07:54,29.74,19.67
52,08:00,30.68,22.5
52,08:06,31.02,21
52,08:12,32.8,21.17
52,08:18,32.7,20.67
52,08:24,31.43,19.83
52,08:30,33.31,21.67
52,08:36,33.41,23.67
52,08:42,33.14,24.17
52,08:48,32.44,26.67
52,08:54,33.64,33.5
52,09:00,32.2,33
52,09:06,32.4,31.67
52,09:12,31.27,35.17
52,09:18,30.78,31.5
52,09:24,31.74,31.67
52,09:30,30.3,33.83
52,09:36,31.7,29.67
52,09:42,30.01,32
52,09:48,29.69,30.5
52,09:54,30.19,25.17
52,10:00,31.81,24.5
52,10:06,31.62,28.17
52,10:12,32.45,29.33
52,10:18,31.8,27.33
52,10:24,31.82,26.5
52,10:30,30.74,29.67
52,10:36,31.87,30.5
52,10:42,29.76,36.83
52,10:48,31.32,38.5
52,10:54,31.38,37.5
52,11:00,31.1,28.5
52,11:06,31.63,39.33
52,11:12,29.52,38
52,11:18,29.96,40.17
52,11:24,30.62,37.33
52,11:30,27.74,41.83
52,11:36,28.89,38.5
52,11:42,30.88,43
52,11:48,32.89,39.5
52,11:54,32.42,37
52,12:00,33.56,38.33
52,12:06,34.34,43.83
52,12:12,33.32,46.83
52,12:18,33.76,45.5
52,12:24,33.65,37.67
52,12:30,31.39,38.33
52,12:36,33.29,32.33
52,12:42,33.54,34.83
52,12:48,32.21,30.83
52,12:54,32.18,23.5
52,13:00,32.16,27.17
52,13:06,32.81,27
52,13:12,31.47,32.17
52,13:18,33.49,28.5
52,13:24,35.38,25.83
52,13:30,30.8,32.17
52,13:36,32.39,32.83
52,13:42,30.65,34.5
52,13:48,31.19,34.83
52,13:54,30.55,33.17
52,14:00,32.48,37.67
52,14:06,33.1,37.83
52,14:12,31.76,37.5
52,14:18,33.42,39.33
52,14:24,32.16,40.67
52,14:30,32.47,33.5
52,14:36,31.37,36
52,14:42,31.19,40.17
52,14:48,30.91,36.83
52,14:54,32.9,35
52,15:00,31.14,39.33
52,15:06,30.96,36.17
52,15:12,31.47,34.67
52,15:18,31.23,41.67
52,15:24,31.07,44.33
52,15:30,29.24,43.17
52,15:36,31.36,46.67
52,15:42,29.64,44.5
52,15:48,30.75,50
52,15:54,29.58,52.67
52,16:00,29.72,56.17
52,16:06,30.57,53.33
52,16:12,32.38,57
52,16:18,31.81,63
52,16:24,32.31,61.67
52,16:30,28.96,56.17
52,16:36,31.43,52.17
52,16:42,31.91,58.33
52,16:48,30.88,60.17
52,16:54,31.04,60.67
52,17:00,30.34,64
52,17:06,31.77,60.83
52,17:12,28.97,71
52,17:18,29.5,71
52,17:24,27.48,69.83
52,17:30,26.58,67.5
52,17:36,27.46,66.67
52,17:42,29.56,61.67
52,17:48,31.42,61.67
52,17:54,32.47,59.5
52,18:00,30.74,56.67
52,18:06,32.21,57.17
52,18:12,31.74,61.17
52,18:18,30.27,62
52,18:24,32.46,60.83
52,18:30,29.46,60.17
52,18:36,30.28,54
52,18:42,31.49,55.83
52,18:48,31.67,48.5
52,18:54,32.47,41.67
52,19:00,31.61,43
52,19:06,30.6,43.33
52,19:12,31.52,40.83
52,19:18,32.88,44.33
52,19:24,32.73,36.17
52,19:30,33.03,39.17
52,19:36,32.35,32
52,19:42,32.02,36.5
52,19:48,31.33,29.83
52,19:54,32.04,31.67
52,20:00,32.76,29
52,20:06,29.02,28
52,20:12,32.57,32.5
52,20:18,31.69,26.33
52,20:24,32.07,20
52,20:30,32.89,20.17
52,20:36,33.8,16.33
52,20:42,34.97,16
52,20:48,35.21,14.83
52,20:54,34.48,13.33
52,21:00,35.24,12.67
52,21:06,34.07,9.33
52,21:12,36.25,14.67
52,21:18,34.75,12.33
52,21:24,35.08,12
52,21:30,35.46,13.67
52,21:36,34.2,10.67
52,21:42,34.43,10
52,21:48,33.74,10.67
52,21:54,33.35,11.83
52,22:00,34.54,9.83
52,22:06,36.88,11
52,22:12,35.91,10.83
52,22:18,35.52,11.17
52,22:24,32.93,8
52,22:30,35.04,9.17
52,22:36,35.86,7
52,22:42,35.17,5.67
52,22:48,34.61,7.17
52,22:54,36.37,5.67
52,23:00,33.49,5.83
52,23:06,37,6.17
52,23:12,30.34,4.5
52,23:18,34.14,4.67
52,23:24,34.2,5.67
52,23:30,30.47,4.83
52,23:36,33.86,4.17
52,23:42,37.75,4.5
52,23:48,39.28,3
52,23:54,38.61,2.17
56,00:00,49.11,8.5
56,00:06,49.22,8
56,00:12,47.67,7
56,00:18,47.76,8.17
56,00:24,47.85,5.33
56,00:30,50.16,5.33
56,00:36,39.4,5.83
56,00:42,48.42,8.33
56,00:48,47.5,8.83
56,00:54,50.02,5
56,01:00,49.47,3.83
56,01:06,40.01,3.67
56,01:12,45.52,3
56,01:18,39.44,2
56,01:24,36.33,2.5
56,01:30,40.97,2.33
56,01:36,49.86,2.67
56,01:42,50.28,2.5
56,01:48,46.67,1.67
56,01:54,36.35,2.33
56,02:00,42.42,2.5
56,02:06,50,2.17
56,02:12,32.31,2.83
56,02:18,50.83,2.5
56,02:24,29.17,1.17
56,02:30,34.58,1.33
56,02:36,35.83,1.33
56,02:42,49.5,2.33
56,02:48,28.61,1.67
56,02:54,15.56,0.67
56,03:00,13.75,0.83
56,03:06,16.67,0.5
56,03:12,23.06,1.33
56,03:18,31.67,1.33
56,03:24,23.33,0.83
56,03:30,45.56,2
56,03:36,29.44,1.33
56,03:42,32.78,1.17
56,03:48,46.94,1.83
56,03:54,52.5,1.17
56,04:00,32.83,2.5
56,04:06,38.33,1
56,04:12,27.5,1
56,04:18,41.39,1.33
56,04:24,45.89,3.33
56,04:30,44.78,2.67
56,04:36,45.12,3.83
56,04:42,49.78,3.83
56,04:48,49.72,5.17
56,04:54,40.83,4.17
56,05:00,47.88,5.67
56,05:06,48.63,7
56,05:12,47.11,6.33
56,05:18,49.27,7.17
56,05:24,49.62,6.83
56,05:30,47.47,5.17
56,05:36,47.55,9.33
56,05:42,47.02,9.17
56,05:48,47.73,12.33
56,05:54,44.31,9.67
56,06:00,47.32,12
56,06:06,46.26,12.33
56,06:12,47.05,17.83
56,06:18,46.66,18.17
56,06:24,46.18,19
56,06:30,46.15,26.67
56,06:36,47.21,36.33
56,06:42,45.81,36.5
56,06:48,46.12,41.67
56,06:54,45.56,51.67
56,07:00,45.13,58.5
56,07:06,43.4,72.5
56,07:12,42.38,84.5
56,07:18,38.35,94.5
56,07:24,33.56,97.33
56,07:30,33.56,99.33
56,07:36,27.43,94.33
56,07:42,31.24,92.83
56,07:48,34.66,85.83
56,07:54,38.71,79.83
56,08:00,40.67,78.83
56,08:06,40.18,73.5
56,08:12,43.59,65
56,08:18,43.23,57.83
56,08:24,45.29,52.67
56,08:30,42.83,54.17
56,08:36,41.71,48
56,08:42,41.2,43.5
56,08:48,44.89,46
56,08:54,45.52,40.5
56,09:00,45.37,41.17
56,09:06,44.93,41.83
56,09:12,45.75,38
56,09:18,44.83,33.83
56,09:24,45.25,39.67
56,09:30,45.88,35.17
56,09:36,44.63,38.5
56,09:42,46.04,38.33
56,09:48,47.32,38.17
56,09:54,46.83,42.83
56,10:00,47.92,39.67
56,10:06,46.71,44.67
56,10:12,47.51,40
56,10:18,45.95,44.67
56,10:24,45.86,44
56,10:30,46.75,47.83
56,10:36,46.37,45
56,10:42,47.03,44.5
56,10:48,46.86,48.5
56,10:54,46.83,40.83
56,11:00,46.33,39.67
56,11:06,45.59,51.33
56,11:12,45.49,48
56,11:18,46.27,49.67
56,11:24,45.99,45.17
56,11:30,46.23,51.83
56,11:36,47.18,55.67
56,11:42,45.49,53.83
56,11:48,46.53,47.67
56,11:54,47.62,52.5
56,12:00,47.81,54.33
56,12:06,46.18,67.17
56,12:12,47.1,60.67
56,12:18,46.61,51
56,12:24,46.95,43
56,12:30,46.71,46.67
56,12:36,47.24,43.83
56,12:42,48.05,40.67
56,12:48,47.87,38.33
56,12:54,46.71,37.33
56,13:00,46.81,36
56,13:06,46.81,44.67
56,13:12,47.52,44.33
56,13:18,46.95,42.67
56,13:24,46.85,47.33
56,13:30,46.87,50.17
56,13:36,47.06,45.33
56,13:42,47.88,46.5
56,13:48,47.23,45.17
56,13:54,46.81,45.5
56,14:00,47.26,47.33
56,14:06,46.44,51
56,14:12,46.67,55.67
56,14:18,46.97,48.83
56,14:24,46.76,47.83
56,14:30,45.47,48.83
56,14:36,46.94,48.5
56,14:42,46.87,49.33
56,14:48,46.43,45
56,14:54,46.7,43.67
56,15:00,47.2,47.5
56,15:06,46.01,52.67
56,15:12,46.02,52.67
56,15:18,46.5,56.33
56,15:24,46.14,50.5
56,15:30,45.61,53.17
56,15:36,45.9,52.67
56,15:42,45.65,57.67
56,15:48,45.69,60.83
56,15:54,46.25,56.17
56,16:00,45.34,63.33
56,16:06,46.29,69.67
56,16:12,45.84,68.5
56,16:18,45.87,59.17
56,16:24,46.31,60.17
56,16:30,45.24,67.67
56,16:36,46.44,66.67
56,16:42,45.34,55.67
56,16:48,45.94,60.33
56,16:54,45.34,55.5
56,17:00,46.51,70.67
56,17:06,45.07,72.67
56,17:12,44.25,65.5
56,17:18,45.2,59.67
56,17:24,44.88,59.83
56,17:30,45.59,61.17
56,17:36,44,56.33
56,17:42,44.73,54.67
56,17:48,46.05,50.67
56,17:54,45.78,44.17
56,18:00,44.48,55
56,18:06,45.17,64.5
56,18:12,46.23,51
56,18:18,46.59,48.17
56,18:24,46.41,42.5
56,18:30,45.29,53.33
56,18:36,46.43,45.67
56,18:42,46.17,44.33
56,18:48,47.14,40.33
56,18:54,46.32,45.17
56,19:00,47.77,44.17
56,19:06,46.97,44
56,19:12,47.78,46.83
56,19:18,46.86,39.83
56,19:24,47.67,42.5
56,19:30,47.53,36
56,19:36,46.24,32.67
56,19:42,47.36,32.17
56,19:48,47.48,31.17
56,19:54,47.69,32.67
56,20:00,48.96,27.67
56,20:06,47.06,28.67
56,20:12,47.97,23.83
56,20:18,48.74,23.83
56,20:24,49.37,19.33
56,20:30,49.49,20
56,20:36,49.25,13.83
56,20:42,49.94,17
56,20:48,49.39,17.17
56,20:54,48.85,14
56,21:00,48.83,13.17
56,21:06,49.62,16
56,21:12,47.94,14.5
56,21:18,48.32,16
56,21:24,48.32,20.33
56,21:30,47.96,21.67
56,21:36,48.08,22.5
56,21:42,48.13,15.83
56,21:48,48.29,13.83
56,21:54,48.36,20
56,22:00,47.7,20.83
56,22:06,47.39,13
56,22:12,47.85,11.67
56,22:18,49.44,12.83
56,22:24,49.53,15
56,22:30,47.92,13.33
56,22:36,48.75,8.33
56,22:42,48.06,10.5
56,22:48,48.71,10.83
56,22:54,48.19,10.17
56,23:00,47.25,22
56,23:06,46.8,14.33
56,23:12,47.86,9.5
56,23:18,48.55,10.5
56,23:24,47.62,12
56,23:30,47.26,11.5
56,23:36,47.64,7
56,23:42,48.16,6.83
56,23:48,46.9,4.83
56,23:54,47.02,6
57,00:00,72.54,8
57,00:06,71,10
57,00:12,70.83,9.5
57,00:18,72.34,8.17
57,00:24,75.46,4.67
57,00:30,71.94,5
57,00:36,71.87,8.83
57,00:42,68.7,6.67
57,00:48,57.17,5.83
57,00:54,60.95,4.5
57,01:00,71.1,4.33
57,01:06,60.79,3.83
57,01:12,60.4,4.5
57,01:18,69.83,5.5
57,01:24,70.07,3.5
57,01:30,74.83,2.83
57,01:36,71.94,2.5
57,01:42,70.17,4.5
57,01:48,67.94,2.83
57,01:54,79.05,3.17
57,02:00,69.44,3.17
57,02:06,47.58,3
57,02:12,31.04,2.5
57,02:18,60,2.33
57,02:24,58.72,3.17
57,02:30,73.44,3.17
57,02:36,74.31,2.33
57,02:42,72.08,2.5
57,02:48,32.5,0.5
57,02:54,55.83,1
57,03:00,42.5,0.67
57,03:06,65.28,1.5
57,03:12,45.83,2
57,03:18,78.33,2
57,03:24,73.72,2.33
57,03:30,60.28,2.17
57,03:36,65.97,3.67
57,03:42,64.72,3.67
57,03:48,58.5,2.5
57,03:54,61.69,2.5
57,04:00,72.64,2.83
57,04:06,70.42,2.83
57,04:12,74.86,2.83
57,04:18,70.28,4.67
57,04:24,76.04,3.5
57,04:30,72.66,5.17
57,04:36,73.83,4.83
57,04:42,73.1,5.83
57,04:48,75.71,5.33
57,04:54,76.57,6.17
57,05:00,73.4,6.33
57,05:06,70.34,7
57,05:12,71.33,8.5
57,05:18,72.86,11.33
57,05:24,70.17,16.5
57,05:30,71.07,19
57,05:36,71.52,22.83
57,05:42,73.91,23.83
57,05:48,72.46,26
57,05:54,71.4,27.67
57,06:00,71.21,32.5
57,06:06,70.77,34.33
57,06:12,70.3,34.33
57,06:18,69.04,47.33
57,06:24,67.4,61.83
57,06:30,67.39,72.17
57,06:36,65.86,78.17
57,06:42,63.84,100.83
57,06:48,62.64,113.83
57,06:54,55.34,136
57,07:00,22.31,133.17
57,07:06,15.72,122.67
57,07:12,15.25,143.33
57,07:18,15.5,136.5
57,07:24,15.25,126.67
57,07:30,15.31,125.67
57,07:36,15.58,135.5
57,07:42,15.49,136.17
57,07:48,15.62,121.33
57,07:54,15.89,123.83
57,08:00,15.59,126.5
57,08:06,15.27,131.83
57,08:12,15.47,126.67
57,08:18,19.92,120.5
57,08:24,23.43,113.17
57,08:30,17.17,113.33
57,08:36,22.89,97.67
57,08:42,27.56,107.17
57,08:48,30.87,101.83
57,08:54,32.11,101.83
57,09:00,47.73,82.33
57,09:06,46.15,92.5
57,09:12,45.93,84.5
57,09:18,53.1,84.83
57,09:24,56,88
57,09:30,59.26,87.17
57,09:36,58.07,87.83
57,09:42,59.34,85.33
57,09:48,63.24,78.5
57,09:54,61.81,81.67
57,10:00,60.61,80.83
57,10:06,61.53,86.67
57,10:12,64.69,82.83
57,10:18,62.72,91.67
57,10:24,62.61,93
57,10:30,63.77,89.67
57,10:36,62.89,102.5
57,10:42,61.08,98
57,10:48,62.5,103.67
57,10:54,63.04,101
57,11:00,62.75,108.33
57,11:06,62.77,115
57,11:12,61.86,104.17
57,11:18,61.64,113.17
57,11:24,61.17,117.17
57,11:30,61.83,105.33
57,11:36,60.84,113
57,11:42,61.86,112.67
57,11:48,61.27,119.17
57,11:54,61.36,115.17
57,12:00,61.81,116.67
57,12:06,61.8,118
57,12:12,61.92,119.17
57,12:18,63.1,112.17
57,12:24,63.6,107
57,12:30,64.27,101
57,12:36,64.01,102.33
57,12:42,63.53,100.67
57,12:48,64.44,98.33
57,12:54,63.44,100.5
57,13:00,63.96,103.33
57,13:06,63.48,104.17
57,13:12,64.5,104.17
57,13:18,62.01,119
57,13:24,61.8,124.33
57,13:30,61.64,135
57,13:36,61.33,133
57,13:42,60.6,142.5
57,13:48,61.59,127.67
57,13:54,62.71,121.67
57,14:00,61.45,119.83
57,14:06,62.24,119.33
57,14:12,60.07,121.33
57,14:18,62.13,111.5
57,14:24,62.5,117
57,14:30,62.22,110.17
57,14:36,61.04,122.17
57,14:42,61.48,115.33
57,14:48,61.6,110.5
57,14:54,61.32,122.83
57,15:00,62.22,117
57,15:06,59.78,123.17
57,15:12,59.28,133.33
57,15:18,60.17,126.5
57,15:24,60.17,122
57,15:30,59.48,134.33
57,15:36,58.08,141.67
57,15:42,59.13,137
57,15:48,58.91,137.67
57,15:54,58.37,128.83
57,16:00,57.58,141.67
57,16:06,58.62,138
57,16:12,55.49,145.5
57,16:18,56.3,136.5
57,16:24,56.66,131.83
57,16:30,58.04,132
57,16:36,53.48,123.5
57,16:42,51.57,124.67
57,16:48,51.35,120.83
57,16:54,52.3,119.83
57,17:00,50.76,119
57,17:06,49.12,126.67
57,17:12,50,121.67
57,17:18,49.75,121
57,17:24,49.53,116.33
57,17:30,47.04,120
57,17:36,47.78,111.17
57,17:42,50.78,110.17
57,17:48,48.26,107.67
57,17:54,45.05,105.67
57,18:00,47.05,112.67
57,18:06,46.45,119.5
57,18:12,48.25,106.17
57,18:18,52.31,105
57,18:24,54.61,104.67
57,18:30,51.97,104.67
57,18:36,52.36,104.83
57,18:42,56.92,98
57,18:48,60.28,100
57,18:54,58.39,101.5
57,19:00,59.58,103.17
57,19:06,59.76,96.5
57,19:12,60.37,98.67
57,19:18,61.04,91.83
57,19:24,60.56,101
57,19:30,61.94,95.67
57,19:36,64.16,85
57,19:42,62.35,87
57,19:48,63.62,80.67
57,19:54,64.95,71.67
57,20:00,63.88,84.67
57,20:06,63.41,87.33
57,20:12,66.17,66.67
57,20:18,66.54,60.17
57,20:24,67.49,50.33
57,20:30,66.91,45.17
57,20:36,66.58,43.83
57,20:42,68.42,37.5
57,20:48,67.69,31.33
57,20:54,70.4,31.67
57,21:00,68.98,30.5
57,21:06,67.18,30.5
57,21:12,68.38,29.83
57,21:18,67.03,30
57,21:24,68.78,28
57,21:30,67.18,27
57,21:36,67.09,25.5
57,21:42,69.94,28.33
57,21:48,67.47,24
57,21:54,67.63,22.83
57,22:00,67.66,23.67
57,22:06,66.27,28.33
57,22:12,66.98,27
57,22:18,69.54,18.83
57,22:24,70.18,22
57,22:30,70.93,16.83
57,22:36,69.27,20.17
57,22:42,69.28,19.5
57,22:48,68.73,18.5
57,22:54,69.13,17.5
57,23:00,68.05,18
57,23:06,68.36,25.83
57,23:12,68.3,18
57,23:18,69.23,14.5
57,23:24,72.78,17
57,23:30,70.32,13.33
57,23:36,71.45,13
57,23:42,72.9,11.67
57,23:48,70.22,11.83
57,23:54,71.19,10.5
60,00:00,65.34,8.83
60,00:06,63.11,8.33
60,00:12,64.23,6.5
60,00:18,63.69,7
60,00:24,63.51,10.33
60,00:30,66.23,8.17
60,00:36,66.38,6
60,00:42,69.72,6
60,00:48,66.81,5.17
60,00:54,68.6,5.33
60,01:00,70.2,6.67
60,01:06,70.32,7.33
60,01:12,68.73,6.5
60,01:18,62.58,4
60,01:24,67.94,5.5
60,01:30,69.72,3.5
60,01:36,68.75,4.83
60,01:42,69.13,5.17
60,01:48,67.08,4.33
60,01:54,70.08,4.5
60,02:00,70.47,4.5
60,02:06,66.27,5.33
60,02:12,65.74,6.67
60,02:18,72.41,6.33
60,02:24,67.96,4.67
60,02:30,69.97,5.17
60,02:36,70.85,7.83
60,02:42,67.81,4.67
60,02:48,69.86,3.17
60,02:54,67.07,7.17
60,03:00,70.38,5.17
60,03:06,68.25,6.33
60,03:12,69.52,4.83
60,03:18,56.94,2.5
60,03:24,56.42,3.83
60,03:30,68.86,4.83
60,03:36,67.59,8
60,03:42,67.88,7.33
60,03:48,75.37,5
60,03:54,75.9,6.67
60,04:00,72.22,7.17
60,04:06,66.45,8.5
60,04:12,75.14,7.33
60,04:18,73.58,8
60,04:24,74.65,7.17
60,04:30,69.75,9.83
60,04:36,68.08,10.5
60,04:42,71.56,13.5
60,04:48,70.12,16.67
60,04:54,70.32,11
60,05:00,69.59,13.5
60,05:06,70.84,13.5
60,05:12,69.69,16.83
60,05:18,70.54,16.83
60,05:24,70.59,16.67
60,05:30,67.75,24.67
60,05:36,66.5,25
60,05:42,66.08,39
60,05:48,67.47,42.67
60,05:54,70.17,41.33
60,06:00,66.86,38.67
60,06:06,68.73,40.83
60,06:12,66.2,49.33
60,06:18,65.47,56.67
60,06:24,63.01,64.33
60,06:30,63.31,78.17
60,06:36,63.46,88.33
60,06:42,61.62,97.5
60,06:48,61.68,106.83
60,06:54,61.77,90.83
60,07:00,58.43,96.5
60,07:06,57.79,87.67
60,07:12,55.25,102.5
60,07:18,53.74,107.33
60,07:24,51.22,111.5
60,07:30,49.74,112
60,07:36,46.5,134.17
60,07:42,44.13,135.5
60,07:48,42.08,151.5
60,07:54,39.54,145.67
60,08:00,32.86,147.67
60,08:06,25.6,142.33
60,08:12,29.24,132.17
60,08:18,28.29,122.83
60,08:24,28.64,130.83
60,08:30,30.29,144.83
60,08:36,32.3,140.67
60,08:42,26.52,144.33
60,08:48,27.42,130.17
60,08:54,31.1,144.33
60,09:00,31.09,142.67
60,09:06,26.73,142
60,09:12,31.29,130.83
60,09:18,30.96,134.5
60,09:24,28.59,129
60,09:30,40.99,128.83
60,09:36,45.3,129
60,09:42,45.29,126.33
60,09:48,55.04,124.17
60,09:54,46.3,133.5
60,10:00,47.15,128.5
60,10:06,51.98,125.17
60,10:12,49.76,120.67
60,10:18,52.76,122
60,10:24,52.05,129.33
60,10:30,44.51,133.5
60,10:36,34.37,128
60,10:42,46.83,139.17
60,10:48,47.54,129
60,10:54,48.09,128.83
60,11:00,45.92,127.67
60,11:06,47.29,127.67
60,11:12,53.2,131.17
60,11:18,48.56,123.17
60,11:24,46.65,130
60,11:30,47.16,134
60,11:36,45.35,127.17
60,11:42,50.96,140
60,11:48,46.96,129.33
60,11:54,51.24,130.17
60,12:00,51.89,131.67
60,12:06,44.15,138.67
60,12:12,42.21,147.67
60,12:18,46.97,146.17
60,12:24,48.16,129.83
60,12:30,48.97,130.5
60,12:36,61.31,126.83
60,12:42,58.92,128.17
60,12:48,60.7,109
60,12:54,60.49,112
60,13:00,61.73,101.17
60,13:06,59.32,107.5
60,13:12,59.31,119.5
60,13:18,60.03,114.17
60,13:24,59.42,111.5
60,13:30,56.14,121.33
60,13:36,49.98,138.5
60,13:42,48.86,147.83
60,13:48,47.33,150.83
60,13:54,46.9,147.17
60,14:00,51.85,139.33
60,14:06,50.27,138
60,14:12,39.08,153.5
60,14:18,43.79,149.83
60,14:24,48.18,138.33
60,14:30,48.28,134.33
60,14:36,44.72,136.67
60,14:42,50.86,138.17
60,14:48,39.58,133.33
60,14:54,28.62,143.5
60,15:00,38.97,138
60,15:06,49.45,136.67
60,15:12,45.74,136.67
60,15:18,39.67,132
60,15:24,42.71,148.17
60,15:30,47.7,130.33
60,15:36,43.81,144.83
60,15:42,32.95,131.5
60,15:48,28.1,140.5
60,15:54,31.27,139.67
60,16:00,33.85,136.83
60,16:06,42.79,132.83
60,16:12,34.64,145.5
60,16:18,42.08,147.83
60,16:24,34,136
60,16:30,30.15,145.83
60,16:36,34.46,143.33
60,16:42,37.18,145.67
60,16:48,33.56,147.5
60,16:54,35.87,136.67
60,17:00,34.91,134.83
60,17:06,36.84,137.83
60,17:12,35.59,133
60,17:18,34.15,132.17
60,17:24,40.5,118.67
60,17:30,43.14,123.83
60,17:36,28.34,131.33
60,17:42,35.86,131.5
60,17:48,40.48,143.17
60,17:54,47.36,125.17
60,18:00,36.62,140.5
60,18:06,46.28,122.5
60,18:12,42.05,126.83
60,18:18,35.67,137.83
60,18:24,33.71,141.33
60,18:30,44.41,125.67
60,18:36,47.37,127.5
60,18:42,50.47,118.83
60,18:48,52.2,124
60,18:54,49.61,123.83
60,19:00,47.94,121.17
60,19:06,53.93,121.83
60,19:12,47.36,134.5
60,19:18,55.11,114.83
60,19:24,57.59,104.67
60,19:30,59.03,94.5
60,19:36,59.31,88.83
60,19:42,58.85,105.83
60,19:48,61.44,84.5
60,19:54,58.83,85
60,20:00,63.08,76
60,20:06,61.72,77.5
60,20:12,62,82.83
60,20:18,62.07,75.33
60,20:24,62.08,68.67
60,20:30,61.92,64.67
60,20:36,63.92,55.33
60,20:42,63.07,52.67
60,20:48,63.94,45.67
60,20:54,64.54,45.83
60,21:00,63.77,41
60,21:06,63.44,34.33
60,21:12,65.81,34.83
60,21:18,65.39,31.5
60,21:24,65.6,37.33
60,21:30,64.66,32.67
60,21:36,64.97,39.17
60,21:42,66.63,28.17
60,21:48,65.44,30.5
60,21:54,65.76,26.33
60,22:00,63.58,26.5
60,22:06,66.27,27.5
60,22:12,66.44,33.17
60,22:18,67.45,28.5
60,22:24,64.11,22.67
60,22:30,66.99,28
60,22:36,67.69,18.5
60,22:42,64.15,20.67
60,22:48,67.94,20.17
60,22:54,65.6,17.5
60,23:00,65.71,15.5
60,23:06,66.5,20.17
60,23:12,66.49,15.67
60,23:18,65.85,13.83
60,23:24,68.67,9.5
60,23:30,66,18
60,23:36,68.91,13.33
60,23:42,66.26,10.83
60,23:48,64.9,13.33
60,23:54,66.35,13
61,00:00,28.28,2.67
61,00:06,29.08,2.33
61,00:12,31.39,2.17
61,00:18,36.11,3.33
61,00:24,38.06,2
61,00:30,20,0.67
61,00:36,23.89,1.67
61,00:42,15.56,1.17
61,00:48,30.83,1.5
61,00:54,35,2.17
61,01:00,30.44,2.33
61,01:06,24.44,1
61,01:12,15.83,0.83
61,01:18,19.17,0.83
61,01:24,19.17,0.83
61,01:30,5.83,0.33
61,01:36,25,0.83
61,01:42,30.83,1.17
61,01:48,15.42,0.83
61,01:54,15.83,0.5
61,02:00,25.83,1.67
61,02:06,20.56,1.17
61,02:12,23.33,1
61,02:18,25.56,2.17
61,02:24,27,2.33
61,02:30,13.89,0.67
61,02:36,26.67,1
61,02:42,28.33,1.33
61,02:48,11.67,0.83
61,02:54,16.39,0.83
61,03:00,26.39,1.33
61,03:06,28.33,2
61,03:12,23.33,1.33
61,03:18,8.33,0.33
61,03:24,31.67,1
61,03:30,20.83,1.33
61,03:36,28.33,1.67
61,03:42,30.28,2
61,03:48,31.94,1.67
61,03:54,13.75,1
61,04:00,21.67,1
61,04:06,20,1
61,04:12,27.72,2.67
61,04:18,35.83,1.67
61,04:24,31.67,1.67
61,04:30,37.36,4.33
61,04:36,30.64,3.17
61,04:42,35.43,5.83
61,04:48,25.16,6.33
61,04:54,32,4.5
61,05:00,34.05,7.5
61,05:06,32.86,8
61,05:12,35.71,8.67
61,05:18,34.33,10.33
61,05:24,36.07,10
61,05:30,36.2,12.5
61,05:36,36.06,12.67
61,05:42,35.71,10.67
61,05:48,34.37,9
61,05:54,35.3,10.33
61,06:00,35,15
61,06:06,35.67,18
61,06:12,36.76,20.83
61,06:18,36.06,28.5
61,06:24,35.42,30.67
61,06:30,33.43,37.33
61,06:36,34.65,42
61,06:42,33.65,54.17
61,06:48,33.9,68.17
61,06:54,32.34,70.5
61,07:00,31.77,77.67
61,07:06,32.41,77.83
61,07:12,31.39,63.83
61,07:18,30.72,64
61,07:24,30.8,58.5
61,07:30,30.7,55
61,07:36,31.45,45.67
61,07:42,31.62,45.5
61,07:48,33.15,47.67
61,07:54,32.36,48.5
61,08:00,32.06,40.5
61,08:06,33.51,44.67
61,08:12,33.1,39.83
61,08:18,33.24,41
61,08:24,33.55,41
61,08:30,33.93,44.5
61,08:36,33.86,40
61,08:42,32.65,42.67
61,08:48,31.77,44.17
61,08:54,32.13,39.83
61,09:00,33.22,36.67
61,09:06,33.39,36.5
61,09:12,33.25,33
61,09:18,34.45,33
61,09:24,34.39,38.5
61,09:30,32.46,33.5
61,09:36,32.75,33.5
61,09:42,34.37,35.67
61,09:48,34.91,30.17
61,09:54,33.85,33
61,10:00,34.08,35.33
61,10:06,33.38,36.17
61,10:12,32.9,36.17
61,10:18,34.07,33.67
61,10:24,34.47,35
61,10:30,33.23,36.17
61,10:36,33.46,43.17
61,10:42,34.49,41
61,10:48,34.64,34
61,10:54,33.34,34.5
61,11:00,34.81,36.33
61,11:06,34.83,38
61,11:12,35.71,41
61,11:18,33.98,43.83
61,11:24,32.5,41.17
61,11:30,32.67,39.83
61,11:36,32.12,48.67
61,11:42,34.14,45.67
61,11:48,34.21,37.17
61,11:54,34.75,45
61,12:00,34.26,44.67
61,12:06,35.61,49.33
61,12:12,36.67,45.17
61,12:18,36.07,34.33
61,12:24,36.06,31.83
61,12:30,35.06,37
61,12:36,34.34,39.17
61,12:42,35.08,27
61,12:48,34.21,29
61,12:54,35.52,30
61,13:00,34.17,28.5
61,13:06,34.7,31.17
61,13:12,34.93,32.83
61,13:18,35.56,30.67
61,13:24,35.17,41.5
61,13:30,34.26,39.83
61,13:36,34.09,42.17
61,13:42,35.22,39.83
61,13:48,36.4,38.33
61,13:54,35.29,35.5
61,14:00,34.27,34.83
61,14:06,34.78,36.17
61,14:12,35.64,34.33
61,14:18,33.53,36
61,14:24,33.97,36.67
61,14:30,35.41,34.5
61,14:36,34,34.83
61,14:42,33.48,41.33
61,14:48,34.33,37.17
61,14:54,33.84,32.67
61,15:00,35.38,40.5
61,15:06,34.54,38.67
61,15:12,34,37.33
61,15:18,33.32,38.5
61,15:24,33.03,42
61,15:30,34.41,40
61,15:36,34.15,37.17
61,15:42,34.9,40.83
61,15:48,35.47,40.33
61,15:54,34.8,39
61,16:00,34.65,46.5
61,16:06,34.42,46.67
61,16:12,35.51,46.5
61,16:18,35.19,48.67
61,16:24,34.87,39.5
61,16:30,33.6,37.33
61,16:36,34.12,41.33
61,16:42,33.8,45.17
61,16:48,34.03,45.5
61,16:54,35.31,44.17
61,17:00,34.72,47.33
61,17:06,35.02,53.33
61,17:12,33.89,52.5
61,17:18,33.4,53.5
61,17:24,32.96,56.33
61,17:30,34.08,55
61,17:36,32.97,51.83
61,17:42,34.57,53
61,17:48,34.59,45.67
61,17:54,35.42,44.67
61,18:00,34,52
61,18:06,34.56,59
61,18:12,34.44,48
61,18:18,35.27,45.67
61,18:24,33.18,50
61,18:30,33.62,47.5
61,18:36,34.22,44.67
61,18:42,34.53,37.67
61,18:48,34.72,35.83
61,18:54,35.83,38.67
61,19:00,34.24,36.5
61,19:06,34.36,34.83
61,19:12,34.28,33.83
61,19:18,34.37,28.83
61,19:24,33.12,30
61,19:30,34.8,33.17
61,19:36,35.22,35.83
61,19:42,35.29,28
61,19:48,35.87,23.17
61,19:54,36.7,23
61,20:00,36.01,20.83
61,20:06,35.37,23.5
61,20:12,35.54,22
61,20:18,37.23,17.33
61,20:24,36.4,16.33
61,20:30,36.71,11
61,20:36,35.7,18.17
61,20:42,36,17.5
61,20:48,35.71,13.17
61,20:54,36.84,11.33
61,21:00,36.09,11.5
61,21:06,34.54,13.5
61,21:12,35.76,13.17
61,21:18,37.7,11
61,21:24,36.91,12.17
61,21:30,36.57,10.33
61,21:36,35.97,11
61,21:42,34.9,11.33
61,21:48,38.21,9.83
61,21:54,38.51,6.5
61,22:00,37.6,8.5
61,22:06,36.1,7.33
61,22:12,36.83,8.17
61,22:18,36.02,8.17
61,22:24,33.49,6.83
61,22:30,36.3,6.5
61,22:36,35.9,7.83
61,22:42,37.79,7
61,22:48,38.21,7
61,22:54,36.02,5.67
61,23:00,29.64,2.83
61,23:06,37.19,5.67
61,23:12,36.48,6.33
61,23:18,38.11,4.5
61,23:24,35.99,5.33
61,23:30,35.97,5
61,23:36,32.09,4.5
61,23:42,38.61,3.17
61,23:48,37.92,3.5
61,23:54,34.58,3
62,00:00,58,3.67
62,00:06,57.36,4.17
62,00:12,46.92,3
62,00:18,57.47,3.5
62,00:24,54.17,3.33
62,00:30,38.47,1.83
62,00:36,52.33,2.5
62,00:42,39.17,1.5
62,00:48,40,1.33
62,00:54,52.78,2
62,01:00,48.33,1.5
62,01:06,37.78,2.67
62,01:12,47.28,2
62,01:18,37.08,1.33
62,01:24,38.33,1.17
62,01:30,47.5,1.17
62,01:36,34,1.5
62,01:42,32.5,1.17
62,01:48,21.67,0.33
62,01:54,17.78,1.17
62,02:00,36.25,1.33
62,02:06,50.56,1.67
62,02:12,29.17,0.67
62,02:18,32.17,1.17
62,02:24,17.92,1.17
62,02:30,33.89,1
62,02:36,25.83,0.83
62,02:42,28.33,0.67
62,02:48,9.17,0.17
62,02:54,9.17,0.17
62,03:00,55,2
62,03:06,26.67,0.83
62,03:12,37.5,0.83
62,03:18,38.33,0.67
62,03:24,25.83,0.67
62,03:30,10.83,0.17
62,03:36,35.83,0.83
62,03:42,28.06,0.83
62,03:48,27.5,0.5
62,03:54,18.33,0.5
62,04:00,45,1.33
62,04:06,42.28,1.83
62,04:12,46.78,2.83
62,04:18,34.17,1
62,04:24,55,2.17
62,04:30,52.58,3.33
62,04:36,61.39,3.17
62,04:42,60,2.17
62,04:48,61.11,2.17
62,04:54,47.64,3.5
62,05:00,61.43,4.83
62,05:06,56.74,4.33
62,05:12,55.14,5.83
62,05:18,53.89,3.33
62,05:24,56.53,5.83
62,05:30,55.73,6
62,05:36,56.55,6
62,05:42,58.44,8.33
62,05:48,55.33,7.83
62,05:54,56.39,8.83
62,06:00,55.05,10.17
62,06:06,55.57,10.83
62,06:12,56.7,16
62,06:18,56.6,16
62,06:24,56.25,20.5
62,06:30,54.12,26
62,06:36,54.51,29
62,06:42,53.87,36.67
62,06:48,50.26,32.83
62,06:54,48.54,34.83
62,07:00,48.69,31.5
62,07:06,46.27,36.5
62,07:12,47.27,30.83
62,07:18,46.98,22.67
62,07:24,49.51,21
62,07:30,46.87,14
62,07:36,49.44,13.33
62,07:42,48.21,16.5
62,07:48,49.09,15.67
62,07:54,48.59,16.67
62,08:00,49.09,14.17
62,08:06,50.34,16.83
62,08:12,49.12,13.5
62,08:18,48.32,15.17
62,08:24,48.63,14.83
62,08:30,46.39,14.17
62,08:36,47.74,18.83
62,08:42,48.98,18.33
62,08:48,50.06,14.83
62,08:54,48.66,16.33
62,09:00,50.51,17
62,09:06,50.64,14.83
62,09:12,49.28,16.83
62,09:18,52.5,17.67
62,09:24,51.94,17.83
62,09:30,52.11,18.33
62,09:36,51.86,22.17
62,09:42,54.04,19
62,09:48,52.12,21.17
62,09:54,51.35,22.83
62,10:00,51.9,20.83
62,10:06,52.93,23
62,10:12,53.16,20
62,10:18,51.47,22.33
62,10:24,54.33,20.33
62,10:30,51.83,22.33
62,10:36,51.42,26.5
62,10:42,50.43,23.67
62,10:48,52.59,23.5
62,10:54,49.6,25.17
62,11:00,50.69,24.5
62,11:06,47.49,23.67
62,11:12,53.26,19.33
62,11:18,50.32,22.33
62,11:24,51.58,27.83
62,11:30,53.59,26.33
62,11:36,52.57,23.83
62,11:42,53.83,23.5
62,11:48,54.52,24.67
62,11:54,55.44,29
62,12:00,55.12,23.33
62,12:06,55.41,28.33
62,12:12,54.5,25.17
62,12:18,54.76,25.67
62,12:24,53.73,29.67
62,12:30,54.74,21.83
62,12:36,54.54,22
62,12:42,54.69,18.33
62,12:48,55.54,23.17
62,12:54,54.26,27
62,13:00,54.67,25
62,13:06,54.95,23.17
62,13:12,52.89,25
62,13:18,56.91,19.5
62,13:24,54.88,23.17
62,13:30,54.68,28.83
62,13:36,54.11,31.67
62,13:42,54.83,27.67
62,13:48,54.29,28.5
62,13:54,53.46,24.67
62,14:00,55.11,20.17
62,14:06,53.99,32.33
62,14:12,55.74,28.33
62,14:18,55.08,23
62,14:24,54.52,26.83
62,14:30,54.06,25.83
62,14:36,54.07,26.33
62,14:42,54.76,27.83
62,14:48,54.31,28
62,14:54,54.69,26
62,15:00,53.46,24.83
62,15:06,53.04,26.67
62,15:12,54.74,26
62,15:18,53.82,31.67
62,15:24,52.23,30.5
62,15:30,52.51,28.5
62,15:36,52.79,30.17
62,15:42,53.21,28.5
62,15:48,53.29,31.33
62,15:54,54.14,26.67
62,16:00,53.82,24.17
62,16:06,55.76,33.17
62,16:12,54.9,30
62,16:18,54.19,28.17
62,16:24,53.53,28.17
62,16:30,54,25.67
62,16:36,53.21,30.33
62,16:42,54.09,20.17
62,16:48,53.01,23.17
62,16:54,53.93,26.33
62,17:00,52.94,22.33
62,17:06,53.19,23.5
62,17:12,53.6,29
62,17:18,52.97,32.33
62,17:24,51.38,25.33
62,17:30,51.3,26
62,17:36,51.27,24.67
62,17:42,50.08,25.67
62,17:48,50.55,21.33
62,17:54,51.25,19.17
62,18:00,50.76,23
62,18:06,51.08,20.33
62,18:12,52.13,25.83
62,18:18,51.01,27
62,18:24,51.63,26
62,18:30,51.33,21.33
62,18:36,51.94,21.5
62,18:42,50.69,26
62,18:48,50.28,23
62,18:54,51.09,23.83
62,19:00,50.49,24.67
62,19:06,52.02,23.83
62,19:12,50.89,24.5
62,19:18,51.31,23.33
62,19:24,53.41,27.17
62,19:30,53.16,25
62,19:36,53.51,27.5
62,19:42,52.9,25.17
62,19:48,55.08,22.17
62,19:54,54.82,20.33
62,20:00,53.35,18.67
62,20:06,56.13,18.67
62,20:12,55.13,19.5
62,20:18,55.29,17.17
62,20:24,55.3,17.5
62,20:30,55.36,14.67
62,20:36,56.08,14.5
62,20:42,55.65,12.67
62,20:48,54.11,13.67
62,20:54,58.29,11
62,21:00,55.25,11.67
62,21:06,58.07,10.17
62,21:12,56.85,10
62,21:18,56.47,10.33
62,21:24,55.86,10.33
62,21:30,55.01,15
62,21:36,54.07,13
62,21:42,55.04,8.33
62,21:48,55,10
62,21:54,54.86,9.17
62,22:00,56.2,12.5
62,22:06,54.63,5.5
62,22:12,53.8,9.5
62,22:18,56.87,8.67
62,22:24,55.63,7.5
62,22:30,54.96,9.17
62,22:36,55.19,9
62,22:42,55.51,6.83
62,22:48,54.35,9
62,22:54,53.45,4.67
62,23:00,56.26,7.67
62,23:06,52.55,5.5
62,23:12,45.83,4.67
62,23:18,56.8,5.83
62,23:24,55.89,5.5
62,23:30,59.32,4.5
62,23:36,56.69,5.33
62,23:42,56.64,4.67
62,23:48,59.13,4
62,23:54,55.17,3.5
64,00:00,65.62,3.83
64,00:06,65.22,3.33
64,00:12,50.08,2.83
64,00:18,40.42,2.33
64,00:24,54.39,3.17
64,00:30,66.39,2.17
64,00:36,51.22,2.83
64,00:42,62.61,2.67
64,00:48,53.5,2.67
64,00:54,46.11,1.5
64,01:00,40,1.83
64,01:06,40.67,1.67
64,01:12,56.94,2.17
64,01:18,48.33,1.33
64,01:24,32.5,1
64,01:30,45.83,1
64,01:36,35,1.17
64,01:42,47.22,1.33
64,01:48,20.83,0.67
64,01:54,37.92,1.5
64,02:00,52.22,1.67
64,02:06,28.06,0.83
64,02:12,58.33,2
64,02:18,67.22,2.5
64,02:24,54.03,1.67
64,02:30,26.67,0.67
64,02:36,59.17,2
64,02:42,23.61,0.83
64,02:48,42.08,1.33
64,02:54,57.5,1.33
64,03:00,32.78,1
64,03:06,60.83,2
64,03:12,63.06,1.67
64,03:18,72.22,3
64,03:24,57.22,1.83
64,03:30,65.53,4.83
64,03:36,65.37,3.83
64,03:42,73.33,2.33
64,03:48,58.33,2.33
64,03:54,71.35,4
64,04:00,67.64,3.67
64,04:06,69.31,3.33
64,04:12,73.23,5.67
64,04:18,71.42,4.33
64,04:24,70.53,5.33
64,04:30,67.4,8
64,04:36,67.42,11
64,04:42,71.27,7.67
64,04:48,70.67,6.67
64,04:54,69.42,4.17
64,05:00,66.67,7.67
64,05:06,68.42,12.33
64,05:12,68.2,15.5
64,05:18,66.97,15.67
64,05:24,68.1,15.5
64,05:30,67.22,19.83
64,05:36,67.65,20.5
64,05:42,67.76,23.17
64,05:48,68.11,20.67
64,05:54,66.95,25.67
64,06:00,65.53,24.83
64,06:06,63.47,26.67
64,06:12,64.62,34
64,06:18,63.95,37.5
64,06:24,61.98,48.83
64,06:30,60.88,72
64,06:36,60.27,89.33
64,06:42,59.46,98.5
64,06:48,58,104.67
64,06:54,59.09,99.5
64,07:00,59.58,64.33
64,07:06,57.39,47.33
64,07:12,58.63,45.17
64,07:18,56.04,36.33
64,07:24,53.2,33.33
64,07:30,52.38,36.5
64,07:36,46.16,37.83
64,07:42,45.71,39
64,07:48,42.55,32
64,07:54,47.65,40.67
64,08:00,49.76,39.83
64,08:06,50.1,45.5
64,08:12,49.19,41.67
64,08:18,48.62,39.83
64,08:24,47.42,36.33
64,08:30,54.27,37.83
64,08:36,52.93,39.33
64,08:42,52.27,37.83
64,08:48,52.64,41.5
64,08:54,56.27,30.33
64,09:00,55.08,33.83
64,09:06,55.14,37.83
64,09:12,56.35,39.33
64,09:18,56.06,36.67
64,09:24,55.75,37.5
64,09:30,58.6,47.67
64,09:36,60.42,41.83
64,09:42,60.62,36.33
64,09:48,59.93,36
64,09:54,58.66,38.83
64,10:00,57.66,34.33
64,10:06,59.07,42
64,10:12,58.94,39.67
64,10:18,59.63,40
64,10:24,58.44,36.33
64,10:30,59.01,41
64,10:36,59.99,38.5
64,10:42,59.26,38.5
64,10:48,60.23,34.5
64,10:54,59.32,35.5
64,11:00,58.57,40.67
64,11:06,60.84,39.17
64,11:12,60.37,36.17
64,11:18,60.07,36.5
64,11:24,59.64,37.17
64,11:30,59.48,38.17
64,11:36,58.99,42.33
64,11:42,60.83,39.33
64,11:48,59.4,39.67
64,11:54,61.4,37.67
64,12:00,59.54,42.5
64,12:06,61,38.83
64,12:12,60.91,41.67
64,12:18,61.04,37
64,12:24,62.26,32.67
64,12:30,61.04,42
64,12:36,63.2,39.17
64,12:42,62.29,38.5
64,12:48,60.16,36
64,12:54,62.55,32.5
64,13:00,60.38,35
64,13:06,61.33,31
64,13:12,59.65,35.17
64,13:18,60.31,36
64,13:24,60.86,42.83
64,13:30,60.18,38.17
64,13:36,61.47,47.83
64,13:42,61.26,46.5
64,13:48,60.91,40
64,13:54,60.57,42.17
64,14:00,60.89,42.83
64,14:06,62.15,38.17
64,14:12,59.81,43.17
64,14:18,60.2,40.33
64,14:24,61.35,38.33
64,14:30,61.9,41.33
64,14:36,60.08,40.17
64,14:42,60.2,35.67
64,14:48,59.65,40
64,14:54,58.25,39.83
64,15:00,58.46,35
64,15:06,59.57,34
64,15:12,58.94,35.67
64,15:18,58.43,45.83
64,15:24,59.24,41.17
64,15:30,59.8,43.5
64,15:36,59.8,38.33
64,15:42,58.78,37
64,15:48,59.11,40.67
64,15:54,60.38,46.67
64,16:00,62.09,41.33
64,16:06,60.55,50.17
64,16:12,59.69,43.33
64,16:18,59.73,35.83
64,16:24,59.94,39.5
64,16:30,61.09,36.33
64,16:36,59.75,43
64,16:42,57.68,41.67
64,16:48,56.5,41.33
64,16:54,57.25,48
64,17:00,60.09,41.67
64,17:06,57.78,43.83
64,17:12,55.77,46.83
64,17:18,57.96,44.67
64,17:24,56.8,40.67
64,17:30,58.04,35.5
64,17:36,56.4,38.17
64,17:42,56.76,39
64,17:48,58.9,36.33
64,17:54,57.25,47.17
64,18:00,59.08,33.67
64,18:06,56.59,37.67
64,18:12,55.51,38
64,18:18,57.13,37.5
64,18:24,57,40.83
64,18:30,57.18,38.5
64,18:36,57.37,32.17
64,18:42,58.17,32.67
64,18:48,56.33,39.67
64,18:54,57.43,35.83
64,19:00,58.16,40.17
64,19:06,58.74,34.17
64,19:12,59.23,31.17
64,19:18,59.75,25.83
64,19:24,59.9,28.67
64,19:30,60.87,28
64,19:36,60.18,31.83
64,19:42,58.13,27.83
64,19:48,59.54,27
64,19:54,60.3,20
64,20:00,60.55,23
64,20:06,64.04,24
64,20:12,62.53,22.17
64,20:18,63.46,18.33
64,20:24,63.76,17.67
64,20:30,64.08,13.33
64,20:36,63.5,18.5
64,20:42,65.54,11.33
64,20:48,62.13,11.83
64,20:54,63.8,10.33
64,21:00,62.81,9.83
64,21:06,61.3,12.67
64,21:12,66.37,11.83
64,21:18,64.38,11.67
64,21:24,62.8,10
64,21:30,64.43,10.33
64,21:36,65.2,13.67
64,21:42,64.76,9.67
64,21:48,64.38,9.17
64,21:54,63.44,8.33
64,22:00,64.4,6.17
64,22:06,64.63,13
64,22:12,63.54,8.17
64,22:18,62.65,8.5
64,22:24,62.76,10.5
64,22:30,63.23,5.5
64,22:36,59.02,7.17
64,22:42,63.29,5.5
64,22:48,63.23,7
64,22:54,63.69,5.67
64,23:00,61.39,6.67
64,23:06,64.72,4
64,23:12,70.54,4.67
64,23:18,58.29,4.17
64,23:24,64.24,5.67
64,23:30,63.29,4.83
64,23:36,62.36,3.17
64,23:42,71.72,4
64,23:48,63.32,4.5
64,23:54,67.33,3.83
69,00:00,21.25,1.33
69,00:06,22.5,0.5
69,00:12,18.33,0.83
69,00:18,21.94,1.17
69,00:24,16.39,1
69,00:30,18.33,1
69,00:36,8.33,0.33
69,00:42,17.5,0.5
69,00:48,13.33,0.33
69,00:54,7.5,0.17
69,01:00,7.5,0.17
69,01:06,13.33,0.67
69,01:12,18.33,0.67
69,01:18,22.5,0.5
69,01:24,7.5,0.17
69,01:30,11.67,0.5
69,01:36,13.61,0.83
69,01:42,10,0.5
69,01:48,5.83,0.17
69,01:54,5.83,0.17
69,02:00,0,0
69,02:06,12.5,0.5
69,02:12,12.22,0.67
69,02:18,5.83,0.17
69,02:24,5.83,0.17
69,02:30,12.5,0.5
69,02:36,7.5,0.17
69,02:42,2.5,0.17
69,02:48,12.5,0.5
69,02:54,4.17,0.33
69,03:00,5.83,0.17
69,03:06,6.67,0.33
69,03:12,7.5,0.17
69,03:18,12.78,0.67
69,03:24,13.33,0.33
69,03:30,13.06,0.83
69,03:36,10.83,0.67
69,03:42,2.5,0.17
69,03:48,5.83,0.33
69,03:54,7.5,0.17
69,04:00,13.33,0.33
69,04:06,17.5,0.5
69,04:12,11.67,0.33
69,04:18,13.33,0.33
69,04:24,4.17,0.33
69,04:30,10.83,0.5
69,04:36,11.67,0.33
69,04:42,21.67,0.67
69,04:48,25.28,1.17
69,04:54,19.72,0.83
69,05:00,35.83,1.17
69,05:06,28.89,1.5
69,05:12,25,0.83
69,05:18,25,0.83
69,05:24,41.11,1.83
69,05:30,25.33,2.17
69,05:36,38.31,3.5
69,05:42,30.25,2.67
69,05:48,36.11,3.17
69,05:54,28.67,2.67
69,06:00,28.47,2.83
69,06:06,37.41,9.33
69,06:12,37.2,12.5
69,06:18,38,10.5
69,06:24,34.65,7.83
69,06:30,34.53,8.33
69,06:36,37.75,10.17
69,06:42,37.11,12.67
69,06:48,37.11,13.33
69,06:54,35.87,23.5
69,07:00,36.18,20
69,07:06,34.08,20.67
69,07:12,35.42,23
69,07:18,33.72,15.17
69,07:24,35.37,12.83
69,07:30,36.1,12.67
69,07:36,32.24,15
69,07:42,35.16,13.17
69,07:48,35.59,14.83
69,07:54,35.27,13.83
69,08:00,35.02,13.33
69,08:06,33.44,15.17
69,08:12,36.14,10.83
69,08:18,33.78,13.17
69,08:24,33.45,13
69,08:30,30.94,12
69,08:36,32.96,12.5
69,08:42,31.51,13.33
69,08:48,30.82,15
69,08:54,31.36,12.67
69,09:00,32.46,12.33
69,09:06,33.12,14.33
69,09:12,29.81,14.67
69,09:18,32.64,15.5
69,09:24,30.39,18
69,09:30,31.77,21.83
69,09:36,31.09,24.33
69,09:42,29.17,25
69,09:48,30.63,25
69,09:54,29.91,28.17
69,10:00,29.28,25.17
69,10:06,28.01,28.5
69,10:12,28.86,33
69,10:18,27.24,36.17
69,10:24,27.82,37.83
69,10:30,28.11,39
69,10:36,28.27,37.67
69,10:42,27.33,36.67
69,10:48,26.84,41.17
69,10:54,26.92,42
69,11:00,25.95,42.5
69,11:06,25.51,44.33
69,11:12,26.5,45
69,11:18,25.22,46.83
69,11:24,26.49,42
69,11:30,28.1,43.67
69,11:36,27.51,49.33
69,11:42,27.62,44.83
69,11:48,28.46,50.33
69,11:54,29.79,48.83
69,12:00,26.9,52.17
69,12:06,27.59,56.17
69,12:12,25.92,50.83
69,12:18,26.19,46.67
69,12:24,27.45,41.67
69,12:30,28.08,41.33
69,12:36,27.52,44.17
69,12:42,28.63,38.33
69,12:48,30.52,35.67
69,12:54,30.12,31
69,13:00,28.36,38.67
69,13:06,29.56,36.5
69,13:12,29.21,40.67
69,13:18,28.01,36.67
69,13:24,28.14,41.83
69,13:30,29.72,42.83
69,13:36,29.11,42.67
69,13:42,28.94,45.83
69,13:48,27.99,39.67
69,13:54,29.39,42.33
69,14:00,30.44,41
69,14:06,29.48,65.17
69,14:12,29.01,61.83
69,14:18,28.86,53
69,14:24,27.18,45.17
69,14:30,26.45,49.5
69,14:36,27.23,45.67
69,14:42,27.86,43
69,14:48,26.92,47.67
69,14:54,26.71,47.5
69,15:00,27.49,49.67
69,15:06,26.55,44.83
69,15:12,26.68,48.83
69,15:18,27.9,47.83
69,15:24,25.5,48.33
69,15:30,25.94,49.17
69,15:36,25.14,53
69,15:42,27.67,45.83
69,15:48,25.66,55.67
69,15:54,27.69,62.33
69,16:00,27.52,51.33
69,16:06,26.7,63.67
69,16:12,26.68,70
69,16:18,25.15,71.17
69,16:24,24.61,63.17
69,16:30,25.92,61.33
69,16:36,26.13,76
69,16:42,25.7,63
69,16:48,25.71,64.67
69,16:54,24.84,58.17
69,17:00,24.59,73.67
69,17:06,23.96,83.83
69,17:12,21.95,79.33
69,17:18,22.54,74.33
69,17:24,21.74,76.33
69,17:30,21.02,72.67
69,17:36,21.8,69.5
69,17:42,20.06,67.67
69,17:48,22.63,55.5
69,17:54,21.83,55.83
69,18:00,23.1,54.83
69,18:06,20.38,74.83
69,18:12,20.76,71.67
69,18:18,21.79,59.67
69,18:24,22.29,57.17
69,18:30,25.24,52.5
69,18:36,24.72,49.83
69,18:42,25.71,45.5
69,18:48,27.08,46.17
69,18:54,27.13,46.33
69,19:00,27.59,47.5
69,19:06,26.47,54.33
69,19:12,27.47,51
69,19:18,28.9,37
69,19:24,29.16,40.17
69,19:30,29.17,36.17
69,19:36,30,37.17
69,19:42,31.1,35
69,19:48,29.88,30
69,19:54,29.23,32.83
69,20:00,31.17,32.33
69,20:06,31.09,38.5
69,20:12,31.44,32
69,20:18,31.91,26
69,20:24,32.24,20.5
69,20:30,30.38,21.83
69,20:36,30.57,18.5
69,20:42,31.58,17.17
69,20:48,32.08,13.83
69,20:54,32.35,11
69,21:00,30.94,9.83
69,21:06,29.44,8.67
69,21:12,32.11,9.83
69,21:18,31.23,9.83
69,21:24,29.36,7.67
69,21:30,33.01,7.33
69,21:36,31.65,7
69,21:42,32.32,6.67
69,21:48,35.07,5.5
69,21:54,29.53,6.67
69,22:00,33.08,9.17
69,22:06,34.89,21.83
69,22:12,33.42,16.67
69,22:18,31.04,5.17
69,22:24,34.06,3.5
69,22:30,34.96,3.5
69,22:36,26.31,3.67
69,22:42,32.67,2.83
69,22:48,29,3.67
69,22:54,29.65,4
69,23:00,35.88,3.67
69,23:06,29.72,2
69,23:12,33.33,2
69,23:18,29.72,2
69,23:24,28.06,1.33
69,23:30,33.33,1.83
69,23:36,36.28,2.33
69,23:42,18.89,2
69,23:48,30.42,1.33
69,23:54,32,2.67
70,00:00,35,1
70,00:06,28.89,1.5
70,00:12,15,0.33
70,00:18,29.17,0.83
70,00:24,35.56,1.67
70,00:30,20.5,1.17
70,00:36,13.33,0.33
70,00:42,24.17,0.5
70,00:48,20.83,0.5
70,00:54,20,0.67
70,01:00,27.5,1
70,01:06,32.5,1
70,01:12,17.5,0.5
70,01:18,0,0
70,01:24,13.33,0.33
70,01:30,7.5,0.17
70,01:36,20.83,0.5
70,01:42,20.83,0.5
70,01:48,5.83,0.17
70,01:54,20.83,0.67
70,02:00,25,0.83
70,02:06,13.33,0.5
70,02:12,0,0
70,02:18,28.61,1.17
70,02:24,24.17,0.83
70,02:30,13.33,0.33
70,02:36,20,0.67
70,02:42,5.83,0.17
70,02:48,13.33,0.33
70,02:54,5.83,0.17
70,03:00,7.5,0.17
70,03:06,7.5,0.17
70,03:12,0,0
70,03:18,20.83,0.83
70,03:24,9.17,0.17
70,03:30,41.39,1.83
70,03:36,39.44,1.33
70,03:42,30,1
70,03:48,40.83,1.67
70,03:54,30,0.83
70,04:00,34.58,1.67
70,04:06,20,0.67
70,04:12,20,0.67
70,04:18,24.17,1
70,04:24,40.42,2.83
70,04:30,33.19,2.5
70,04:36,27.78,1.33
70,04:42,40.83,2
70,04:48,40.83,2.33
70,04:54,30.83,1.33
70,05:00,36.83,3.83
70,05:06,30.56,1.83
70,05:12,41.06,3
70,05:18,40.89,4.83
70,05:24,40.23,5.17
70,05:30,41.52,7.67
70,05:36,41.48,6
70,05:42,41.42,7
70,05:48,38.59,7.5
70,05:54,39.48,8.33
70,06:00,40.3,10.17
70,06:06,39.79,12
70,06:12,40.68,14.83
70,06:18,40.91,18.83
70,06:24,40.72,25
70,06:30,38.79,27.33
70,06:36,40.89,27.33
70,06:42,41.29,33.5
70,06:48,41.36,39.33
70,06:54,40.8,51.17
70,07:00,41.07,52.5
70,07:06,41.3,36.5
70,07:12,40.46,37
70,07:18,40.32,36.5
70,07:24,40.53,30.67
70,07:30,42.53,23.5
70,07:36,41.06,23.17
70,07:42,41.09,22.67
70,07:48,41.5,24.5
70,07:54,42.46,21.83
70,08:00,42.45,20.17
70,08:06,42.06,22.5
70,08:12,41.08,18.33
70,08:18,43.09,16.33
70,08:24,41.9,21
70,08:30,41.73,19.67
70,08:36,41.59,20
70,08:42,40.49,16.5
70,08:48,41.39,11
70,08:54,42.22,15.33
70,09:00,41.16,11.83
70,09:06,40.22,10.83
70,09:12,41.19,16.17
70,09:18,42.15,14
70,09:24,40.18,17.17
70,09:30,39.98,18.17
70,09:36,41,19.67
70,09:42,42.01,14.83
70,09:48,41.44,17.67
70,09:54,41.53,20.83
70,10:00,40.87,15.33
70,10:06,40.87,14.83
70,10:12,41.3,18.83
70,10:18,41.55,20.67
70,10:24,40.92,17.5
70,10:30,40.93,21.17
70,10:36,40.64,19.17
70,10:42,40.96,20.5
70,10:48,40.76,16.67
70,10:54,41.32,16.67
70,11:00,42.06,17.17
70,11:06,40.68,17.5
70,11:12,41.47,18.83
70,11:18,40.39,24.33
70,11:24,41.34,19.67
70,11:30,40.64,21.17
70,11:36,41.85,23.83
70,11:42,42.07,21.83
70,11:48,41.9,15.5
70,11:54,41.66,14.83
70,12:00,41.75,20.67
70,12:06,41.29,30.33
70,12:12,41.79,24.17
70,12:18,41.14,19.83
70,12:24,41.72,21.17
70,12:30,41.07,19
70,12:36,42.05,17.67
70,12:42,42.14,17.67
70,12:48,41.89,17.67
70,12:54,42.56,17.83
70,13:00,41.41,14.17
70,13:06,42.2,18.83
70,13:12,42.46,20.5
70,13:18,40.94,17.67
70,13:24,41.66,21.67
70,13:30,42.75,21.83
70,13:36,41.01,21.33
70,13:42,40.81,20
70,13:48,41.39,23.17
70,13:54,41.54,23.17
70,14:00,40.77,21.33
70,14:06,41.43,20.5
70,14:12,40.47,18.83
70,14:18,41.12,18.83
70,14:24,40.38,22.67
70,14:30,41.95,18.67
70,14:36,41.79,20
70,14:42,41.74,19.67
70,14:48,42.03,19.67
70,14:54,41.98,17.5
70,15:00,41.36,18.33
70,15:06,41.02,20.67
70,15:12,40.46,23
70,15:18,39.58,22
70,15:24,41,18.33
70,15:30,41.64,17.33
70,15:36,41.93,19.33
70,15:42,40.81,18.67
70,15:48,40.23,21.67
70,15:54,40.53,21.83
70,16:00,40.97,21.33
70,16:06,41.93,23.5
70,16:12,42.14,22.17
70,16:18,41.65,19.17
70,16:24,40.73,18.33
70,16:30,40.48,17.83
70,16:36,40.93,17.83
70,16:42,41.79,21.17
70,16:48,40.94,21.83
70,16:54,40.13,20.33
70,17:00,41.36,22.33
70,17:06,40.61,29
70,17:12,41.29,30.5
70,17:18,40.52,23.33
70,17:24,40.24,17.5
70,17:30,39.38,22
70,17:36,40.81,23.17
70,17:42,41.09,12.17
70,17:48,40.54,16.33
70,17:54,40.55,17.33
70,18:00,41.44,17.67
70,18:06,41.19,24.17
70,18:12,40.68,17.5
70,18:18,40.76,14.83
70,18:24,41.4,16.83
70,18:30,40.33,12.83
70,18:36,41.37,16.83
70,18:42,43.14,13.67
70,18:48,41.87,16.33
70,18:54,41.29,14
70,19:00,41.65,16.5
70,19:06,40.45,17.17
70,19:12,40.76,15
70,19:18,41.22,16.33
70,19:24,41.31,15.83
70,19:30,41.49,13.5
70,19:36,42.63,12.67
70,19:42,42.1,10
70,19:48,41.1,10.17
70,19:54,42.15,12
70,20:00,41.91,10
70,20:06,41.71,10.83
70,20:12,43.38,13.67
70,20:18,44.5,7.67
70,20:24,43.12,7.67
70,20:30,42.64,7.17
70,20:36,40.89,6.83
70,20:42,41.89,6.33
70,20:48,41.81,5.33
70,20:54,40.44,6.33
70,21:00,42.03,5
70,21:06,42.33,4.67
70,21:12,42.15,5.17
70,21:18,32.29,4
70,21:24,42.74,4.33
70,21:30,39.78,4.33
70,21:36,41.38,5.83
70,21:42,40.88,4.5
70,21:48,43.17,4.5
70,21:54,38.72,2.83
70,22:00,42.85,6.33
70,22:06,40.65,4.83
70,22:12,43.92,4.83
70,22:18,41.02,4.17
70,22:24,42.5,3.17
70,22:30,41.92,3.83
70,22:36,45.83,2
70,22:42,34.17,3.17
70,22:48,38.61,2.5
70,22:54,34.39,2.83
70,23:00,42.01,3
70,23:06,35.83,1.5
70,23:12,28.12,2.67
70,23:18,29.31,1.83
70,23:24,41.89,3
70,23:30,40.17,2
70,23:36,31.67,1.17
70,23:42,30.42,1.5
70,23:48,41.25,2
70,23:54,35.56,1.83
164,00:00,31.04,5.71
164,00:06,26.24,3
164,00:12,24.21,3.86
164,00:18,27.42,4
164,00:24,29.21,4.29
164,00:30,36.05,3.57
164,00:36,31.71,2.71
164,00:42,34.21,3.14
164,00:48,30.29,2.43
164,00:54,33.21,2.14
164,01:00,26.55,2.29
164,01:06,35.36,1.86
164,01:12,26.43,1.71
164,01:18,30.6,1.57
164,01:24,29.52,1.71
164,01:30,17.07,2.71
164,01:36,20.36,1.57
164,01:42,30.48,1.71
164,01:48,9.29,0.43
164,01:54,16.43,0.57
164,02:00,17.29,1.14
164,02:06,14.76,1
164,02:12,40.24,1.57
164,02:18,13.57,0.71
164,02:24,12.29,0.86
164,02:30,10,0.86
164,02:36,19.29,0.86
164,02:42,22.86,0.57
164,02:48,27.14,0.86
164,02:54,19.29,1.14
164,03:00,25.71,0.57
164,03:06,8.57,0.43
164,03:12,11.19,0.71
164,03:18,12.86,0.29
164,03:24,22.86,0.86
164,03:30,10.71,0.57
164,03:36,14.64,0.71
164,03:42,10.71,0.14
164,03:48,16.43,0.71
164,03:54,24.76,1.29
164,04:00,24.29,0.57
164,04:06,31.9,2.29
164,04:12,36.55,2
164,04:18,26.19,1.14
164,04:24,32.86,2
164,04:30,34.29,1.14
164,04:36,23.81,2.86
164,04:42,31.43,2.43
164,04:48,30.71,1.43
164,04:54,34.38,3.86
164,05:00,37.75,6.86
164,05:06,31.74,8
164,05:12,31.84,7.29
164,05:18,34.32,5.43
164,05:24,36.24,7.29
164,05:30,34.18,7.29
164,05:36,32.48,7.14
164,05:42,37.41,7.57
164,05:48,39.07,9.14
164,05:54,36.74,10.86
164,06:00,37.65,12.29
164,06:06,38.55,11
164,06:12,36.67,12.71
164,06:18,37.34,15.71
164,06:24,36.42,18.14
164,06:30,35.47,19.71
164,06:36,37.17,25.71
164,06:42,35.82,36.14
164,06:48,35.38,38.29
164,06:54,34.38,43.71
164,07:00,32.96,47
164,07:06,32.55,51
164,07:12,31.26,57.43
164,07:18,30.54,59.43
164,07:24,30.52,60.57
164,07:30,32.12,56.14
164,07:36,32.23,58.29
164,07:42,32.28,58.14
164,07:48,31.1,62.43
164,07:54,32.21,56.71
164,08:00,29.96,54.43
164,08:06,30.58,60.57
164,08:12,29.22,55.57
164,08:18,31.32,60.86
164,08:24,30.46,54.71
164,08:30,29.28,54.29
164,08:36,30.02,51.86
164,08:42,29.94,51
164,08:48,30.43,46.86
164,08:54,30.32,45.57
164,09:00,30.83,44.29
164,09:06,30.67,44.43
164,09:12,30.81,34.29
164,09:18,30.81,37.43
164,09:24,32.67,41.71
164,09:30,32.02,41.57
164,09:36,32.08,37.14
164,09:42,31.6,41.14
164,09:48,33.36,39.86
164,09:54,33.7,36.43
164,10:00,34.62,38
164,10:06,32.35,42.43
164,10:12,34.08,39.14
164,10:18,32.97,41.29
164,10:24,34.74,38.29
164,10:30,33.97,40.29
164,10:36,35.42,42.43
164,10:42,35.13,38.57
164,10:48,32.81,38.57
164,10:54,34.52,38.14
164,11:00,34.71,38
164,11:06,34.14,41.86
164,11:12,35.66,40.43
164,11:18,34.71,37
164,11:24,35.85,33.71
164,11:30,34.34,38.29
164,11:36,33.8,36.86
164,11:42,35.44,38
164,11:48,33.27,41.29
164,11:54,34.21,37.71
164,12:00,34.33,41
164,12:06,35.88,39.33
164,12:12,34.62,38.83
164,12:18,34.85,34
164,12:24,33.55,37.33
164,12:30,34.54,38.67
164,12:36,33.93,32.83
164,12:42,32.66,28.5
164,12:48,34.29,29.17
164,12:54,34.53,28
164,13:00,34.5,33.33
164,13:06,34.12,36.33
164,13:12,34.9,34.33
164,13:18,34.76,39.5
164,13:24,34.55,43.17
164,13:30,33.92,44.83
164,13:36,32.91,48.5
164,13:42,33.67,49.5
164,13:48,34.42,47.67
164,13:54,33.85,40
164,14:00,31.59,39.83
164,14:06,34.08,33
164,14:12,34.45,36.83
164,14:18,35.88,38.17
164,14:24,33.68,36.17
164,14:30,33.45,36.33
164,14:36,33.21,38
164,14:42,33.22,34.5
164,14:48,32.36,37.83
164,14:54,33.72,35
164,15:00,34.6,36.33
164,15:06,33.05,33.67
164,15:12,33.74,32.17
164,15:18,32.93,31.83
164,15:24,34.81,34.83
164,15:30,32.62,35
164,15:36,32.58,35.83
164,15:42,30.96,36.33
164,15:48,32.47,34.5
164,15:54,31.93,36
164,16:00,32.73,36.33
164,16:06,33.05,37
164,16:12,33.08,35.33
164,16:18,32.47,35.5
164,16:24,32.42,38.33
164,16:30,32.81,37.67
164,16:36,31.74,36
164,16:42,32.25,39.33
164,16:48,31.88,36.5
164,16:54,31.91,39.83
164,17:00,31.12,47.83
164,17:06,30.83,42.5
164,17:12,29.99,45.33
164,17:18,31.49,41
164,17:24,31.54,33.83
164,17:30,32.39,38.5
164,17:36,31.51,34.83
164,17:42,32.14,41.33
164,17:48,29.64,40.83
164,17:54,31.62,37.83
164,18:00,31.98,38
164,18:06,30.8,36.33
164,18:12,32.8,40.5
164,18:18,31.93,39.17
164,18:24,31.91,41.17
164,18:30,31.8,41.33
164,18:36,32.91,40.83
164,18:42,31.72,43.67
164,18:48,32.27,40.5
164,18:54,33.66,40.33
164,19:00,31.42,40.83
164,19:06,31.84,36.33
164,19:12,30.3,40.67
164,19:18,33.72,36.5
164,19:24,32.05,40
164,19:30,32.17,33.67
164,19:36,32,36.17
164,19:42,32.32,34.33
164,19:48,34,34
164,19:54,31.72,29.33
164,20:00,31.37,30
164,20:06,34.04,24.33
164,20:12,33.7,23.67
164,20:18,33.41,24.67
164,20:24,32.11,26
164,20:30,31.13,25
164,20:36,34.79,19.83
164,20:42,32.07,22.33
164,20:48,35.09,16.83
164,20:54,34.54,17.5
164,21:00,36.33,14.5
164,21:06,34.28,13.83
164,21:12,35.77,12.83
164,21:18,36.37,15.83
164,21:24,36.21,14
164,21:30,38.42,10.83
164,21:36,36.19,9.33
164,21:42,38.46,12.5
164,21:48,36.18,12
164,21:54,37.85,11.67
164,22:00,35.84,9.67
164,22:06,34.61,10.33
164,22:12,34.1,9
164,22:18,38.07,10.17
164,22:24,30.16,7.5
164,22:30,30.77,8
164,22:36,31.56,9.83
164,22:42,33.71,7.67
164,22:48,29.84,9
164,22:54,30.61,9.33
164,23:00,34.79,9
164,23:06,29.97,6.33
164,23:12,29,7.67
164,23:18,31.27,8.5
164,23:24,28.19,8.5
164,23:30,31.88,5
164,23:36,33.82,5.17
164,23:42,33.93,5.5
164,23:48,30.54,5.5
164,23:54,32.27,5
166,00:00,42.61,6.83
166,00:06,41.14,5.5
166,00:12,39.76,8.5
166,00:18,40.48,8.17
166,00:24,33.7,4
166,00:30,40.95,4.67
166,00:36,41.14,4.67
166,00:42,40.36,6
166,00:48,42.7,6
166,00:54,40.5,3.5
166,01:00,42.92,2.83
166,01:06,41.39,2.67
166,01:12,40.69,2.83
166,01:18,39.86,3.67
166,01:24,34.89,3.17
166,01:30,42.78,2.17
166,01:36,29.5,3
166,01:42,40.69,2.17
166,01:48,42.94,2.67
166,01:54,37.5,1.33
166,02:00,40.28,1.67
166,02:06,37.78,2
166,02:12,27.5,1.17
166,02:18,31.25,1.67
166,02:24,40.33,3.5
166,02:30,39.33,2.17
166,02:36,30.56,1.67
166,02:42,43,3
166,02:48,14.17,0.83
166,02:54,36.67,1.5
166,03:00,31.11,1.33
166,03:06,28.33,1.17
166,03:12,35.28,1.17
166,03:18,36.11,2.17
166,03:24,35,1.67
166,03:30,35.83,1.67
166,03:36,44.72,3
166,03:42,41.36,3.5
166,03:48,38.33,2.5
166,03:54,43.82,5
166,04:00,41.57,4.5
166,04:06,41.53,3.83
166,04:12,45.64,3.17
166,04:18,40.58,3.17
166,04:24,42.64,4.67
166,04:30,40.43,5.83
166,04:36,39.7,10.33
166,04:42,44.53,7.33
166,04:48,45.19,9
166,04:54,42.98,7
166,05:00,42.07,5.5
166,05:06,41.68,11
166,05:12,40.86,12.17
166,05:18,40.1,13.17
166,05:24,42.71,14.5
166,05:30,42.2,20.5
166,05:36,41.22,22
166,05:42,40.86,25
166,05:48,42.71,27.5
166,05:54,40.88,26.17
166,06:00,40.57,25.83
166,06:06,39.37,32.33
166,06:12,39.57,37.5
166,06:18,39.95,42.83
166,06:24,41.65,47.5
166,06:30,41.19,48.17
166,06:36,39.09,62.83
166,06:42,40.76,77.83
166,06:48,40.42,95.83
166,06:54,39.16,104.5
166,07:00,40.49,88.33
166,07:06,38.63,85.17
166,07:12,36.99,93.33
166,07:18,38.22,85.67
166,07:24,38.11,81
166,07:30,34.47,83.83
166,07:36,32.03,74.5
166,07:42,33.41,73.67
166,07:48,33.06,65.33
166,07:54,33.63,69.5
166,08:00,37.29,61.33
166,08:06,37.2,67.17
166,08:12,36.19,64.5
166,08:18,35.62,68.17
166,08:24,35.11,69.33
166,08:30,34.37,67.67
166,08:36,36.4,70.83
166,08:42,36.45,77
166,08:48,36.86,77
166,08:54,35.06,86.17
166,09:00,36.34,80.17
166,09:06,34.46,80.83
166,09:12,35.35,80.33
166,09:18,35.6,77.67
166,09:24,34.87,80.67
166,09:30,35.91,71.17
166,09:36,35.81,75
166,09:42,34.88,76
166,09:48,36.45,69.33
166,09:54,36.45,72.5
166,10:00,36.48,65.67
166,10:06,36.81,66.5
166,10:12,35.09,68.17
166,10:18,36.72,61.5
166,10:24,36.8,70.33
166,10:30,36.68,65.33
166,10:36,35.8,74
166,10:42,37.13,70.17
166,10:48,36.86,71.5
166,10:54,36.88,75.83
166,11:00,36.2,69
166,11:06,36.89,79.17
166,11:12,36.98,80
166,11:18,37.24,77.33
166,11:24,35.7,76.67
166,11:30,34.35,83.5
166,11:36,36.01,76.33
166,11:42,35.65,82.33
166,11:48,36.52,78.33
166,11:54,36.16,77.17
166,12:00,38.87,70.5
166,12:06,39.21,80
166,12:12,37.75,80.5
166,12:18,38.75,83.33
166,12:24,38.93,72.67
166,12:30,39.46,63.33
166,12:36,38.27,73.67
166,12:42,39.48,70.17
166,12:48,38.61,60.17
166,12:54,37.89,68.17
166,13:00,39.14,65.17
166,13:06,37.54,60
166,13:12,36.42,72.83
166,13:18,37.65,68.17
166,13:24,36.41,65.67
166,13:30,39.06,75.33
166,13:36,37.35,81.5
166,13:42,38.58,75.33
166,13:48,35.94,79
166,13:54,38.15,75.67
166,14:00,36.41,72.5
166,14:06,37.69,74
166,14:12,35.52,79.83
166,14:18,35.45,92.5
166,14:24,36.61,74
166,14:30,36.16,76.33
166,14:36,35.31,69.17
166,14:42,35.46,75.5
166,14:48,36.37,84.5
166,14:54,34.94,82
166,15:00,36.44,73.33
166,15:06,36.57,76.33
166,15:12,35.72,80.5
166,15:18,36.34,77.33
166,15:24,34.28,85.17
166,15:30,35.34,84
166,15:36,35.48,86.5
166,15:42,36.38,80
166,15:48,36.83,83
166,15:54,34.64,85.67
166,16:00,37,85.83
166,16:06,35.26,88.83
166,16:12,34.71,90.17
166,16:18,32.57,85.67
166,16:24,32.51,82.17
166,16:30,33.66,78.33
166,16:36,34.96,79.17
166,16:42,36.5,82.17
166,16:48,34.84,83.17
166,16:54,33.85,78
166,17:00,33.99,75.83
166,17:06,32.33,84.67
166,17:12,32.82,87.83
166,17:18,35.47,88.33
166,17:24,36.48,76.5
166,17:30,33.91,82
166,17:36,35.6,80.33
166,17:42,34.76,89
166,17:48,35.05,82.17
166,17:54,35.41,85.5
166,18:00,35.39,80
166,18:06,36.14,84.5
166,18:12,35.79,81.33
166,18:18,35.7,85.33
166,18:24,36.32,78.83
166,18:30,35.12,80
166,18:36,34.38,80
166,18:42,36.56,77.17
166,18:48,34.98,78.33
166,18:54,37.07,75.67
166,19:00,36.28,68.83
166,19:06,37.68,78.33
166,19:12,36.74,68
166,19:18,37.93,71.17
166,19:24,37.42,67.33
166,19:30,37.65,67.67
166,19:36,37.14,68.17
166,19:42,39.24,63.5
166,19:48,37.24,61.83
166,19:54,37.71,56.67
166,20:00,38.46,48.17
166,20:06,38.39,51.67
166,20:12,38.33,53.17
166,20:18,40.48,46.67
166,20:24,39.12,38.83
166,20:30,40.48,38.33
166,20:36,39.86,31.83
166,20:42,39.45,30
166,20:48,40.24,26.5
166,20:54,38.61,24
166,21:00,40.34,23.5
166,21:06,40.19,22.33
166,21:12,40.07,24.67
166,21:18,41.12,21.17
166,21:24,40.41,22.67
166,21:30,38.38,18.67
166,21:36,38.7,20.17
166,21:42,38.99,18.33
166,21:48,40.83,23
166,21:54,39.22,18.67
166,22:00,38,22.5
166,22:06,38.68,23.83
166,22:12,39.82,23.5
166,22:18,40.72,22.33
166,22:24,42.02,18.5
166,22:30,41.87,17.83
166,22:36,39.98,15.17
166,22:42,38.81,14.33
166,22:48,38.74,16.5
166,22:54,41.66,13.17
166,23:00,39.65,13.67
166,23:06,37.59,16.67
166,23:12,38.76,13.5
166,23:18,40.79,11.83
166,23:24,42.09,12.5
166,23:30,39.9,10.83
166,23:36,38.5,9.17
166,23:42,41.53,10.33
166,23:48,41.03,7.67
166,23:54,40.73,8
